Unnamed: 0,id_str,text,created_at,polarity,user_location,senti
0,1333670422106304512,RT @bioethicsdotcom: Absolutely Remarkable: No One Who Got Modernas Vaccine in Trial Developed Severe COVID-19 https://t.co/3QADpyduiQ,2020-12-01 07:13:01,0,"Madrid, Spain",0
1,1333670422135644162,RT @BTSFanQuiz: The fifth track of the BE album  was inspired by their situation while in lockdown. The song created by Suga with retro-pop,2020-12-01 07:13:01,0,Albania,0
2,1333670422299152387,"RT @KailashChandOBE: Dear @RishiSunak ,
Correct me,if I am wrong! You have spent lot more money than comparative economies,to fight #COVID1",2020-12-01 07:13:01,0,"Ross-on-Wye, England",0
3,1333670422508924928,RT @EmilyThornberry: Deeply moving report on Poverty and Covid on the  @BBCNews at 10 tonight. They followed the work of Father Alex Frost,2020-12-01 07:13:01,0,,0
4,1333670422529912833,"RT @thebradfordfile: Even CNN is now admitting China lied about Covid cases and deaths.

Trump was right--again.",2020-12-01 07:13:01,0,,1
5,1333670422622199808,RT @ImranKhanPTI: Problem confronting us in Pak during COVID 19 is of a political leadership that has never gone through any democratic str,2020-12-01 07:13:01,0,Pakistan  ,1
6,1333670422798356480,"RT @Catrambo: Just found out that Ben Bova has died, COVID-19-related complications. Edited a manuscript for him just a few months ago.

We",2020-12-01 07:13:01,0,Hudson Valley Region ,1
7,1333670422970241024,RT @Arron_banks: Empty high streets and millions facing unemployment means exponentially higher levels of emotional pain for those who can,2020-12-01 07:13:01,0,"Rugby, home of the gentleman's game.",0
8,1333670423444160513,"RT @drdavidsamadi: 33,772,990 people around the world have gotten COVID-19 and recovered from it.

The media doesnt want you to know that,",2020-12-01 07:13:02,0,"Florida, USA",1
9,1333670423628632064,"RT @OH_mes2: All of aespa and NCT have tested negative for Coronavirus

https://t.co/vVAeXotLCA https://t.co/OAQErNasMf",2020-12-01 07:13:02,0, @prapaying96 / JroBae09,0
10,1333670423695814657,"RT @jamesfordtv: Pleasure at the end of a hard days work covering #coronavirus to hear @bts_bighit s Life Goes On, about overcoming the",2020-12-01 07:13:02,0,"Auckland, NZ",1
11,1333670424379498496,RT @CaptMarkKelly: Washington has failed to come together to build a coordinated national response to this pandemic  and its costing Ariz,2020-12-01 07:13:02,-1,"Prescott, Arizona",1
12,1333670424505327617,"RT @ConnieSchultz: A friends husband, quarantined at home with Covid, has died of a heart attack. He was an essential worker. His wife tri",2020-12-01 07:13:02,0,"Seattle, WA via NC",0
13,1333670424337637376,"RT @TheLeadCNN: CNN exclusive: Vast trove of leaked documents shows China underreported Covid-19 numbers, took weeks to diagnose new cases",2020-12-01 07:13:02,0,"Independence, MO",1
14,1333670424677281793,"RT @drdavidsamadi: 33,772,990 people around the world have gotten COVID-19 and recovered from it.

The media doesnt want you to know that,",2020-12-01 07:13:02,0,,0
15,1333670424715079680,"RT @NYGovCuomo: To all the tough guys"" who don't want to wear a mask or worry about COVID.

I have a message for you. 

Exhausted nurses &amp;",2020-12-01 07:13:02,0,Florida,1
16,1333670425067339777,RT @ByMikeBaker: A coronavirus testing site in Los Angeles is shutting down for a day and canceling appointments so that a crew of 170 peop,2020-12-01 07:13:02,0,Wherever the wind takes me,0
17,1333670425033732098,"RT @ANCALERTS: After mass testing, House registers 98 positive cases of #COVID19 https://t.co/M6F2EpBQ6X",2020-12-01 07:13:02,0,"San Mateo, Calabarzon",0
18,1333670425382019073,"RT @Timcast: its kinda weird that pro photogs are lurking around hospitals to get photos of crying covid patients

these people are literal",2020-12-01 07:13:02,0,Texas,0
19,1333670425969131521,"RT @CNN: These radio hosts have been debunking coronavirus misinformation for indigenous Mexican farmworkers in the US, thanks to their abi",2020-12-01 07:13:02,0,CA,0
20,1333670427009425411,RT @DEADLINE: A heavily visited Covid-19 testing kiosk at Downtown LAs Union Station will be shuttered on Tuesday so the #ShesAllThat rema,2020-12-01 07:13:02,0,,0
21,1333670427055456258,Hi! PM visited 3 labs day before and you people seeing politics. US is One fourth of India but infection and death https://t.co/U2hrPceBWB,2020-12-01 07:13:02,0,India ,0
22,1333670427416260609,RT @JMichaelWaller: CCP scholar says that the pandemic benefits Communist China and its interests.,2020-12-01 07:13:02,0,,1
23,1333670427667943424,"#coronavirus cases by country (as of Nov 30 11pm ET):

Top 10

1 #USA 13,541,221
2 #IND 9,462,809
3 #BRA 6,335,878 https://t.co/YmOwAJX593",2020-12-01 07:13:03,1,,0
24,1333670427890106368,@fluffypenguinrr i think my school got extended bc of covid and we were having issues with online learnings so we d https://t.co/jZ8KNnGdfP,2020-12-01 07:13:03,0,,0
25,1333670428825554944,"RT @monacochick: A schoolmate of mine has been 27 days in ICU sofar, intubated, after attending a 12 person dinner. The hostess didn't feel",2020-12-01 07:13:03,0,,0
26,1333670428922015745,RT @DiseaseEcology: Age-patterns of infection from random sampling in England over last couple months. Substantial uncertainty &amp; regional v,2020-12-01 07:13:03,0,,0
27,1333670429374943233,RT @SolarFlairYT: how 2 protect ur family from COVID-19 during the holidays https://t.co/2ldLoKGKvf,2020-12-01 07:13:03,0,,1
28,1333670429446254595,RT @AlisonWalker_tv: These are facts. This is a national tragedy. Everyone should be concerned not just those of us with family in Carehome,2020-12-01 07:13:03,0,Fauldhouse,1
29,1333670429521678337,"My name is Wuhan Virus 
You can call me corona but prefer to
call me Wuhan Virus bcoz I'm originated from #Wuhan https://t.co/5ctkkURsW7",2020-12-01 07:13:03,0,everywhere,0
30,1333670429681213441,McConnell accuses Pelosi of standing in way of COVID relief https://t.co/gGgfiokweg @MailOnline,2020-12-01 07:13:03,0,,0
31,1333670429672652800,"RT @robjh1: Evidence! Ive been tweeting about this nonstop. The MSM &amp; big tech don't want the truth known, but quiet as it's kept China is",2020-12-01 07:13:03,0,,1
32,1333670429936869376,"RT @drdavidsamadi: 33,772,990 people around the world have gotten COVID-19 and recovered from it.

The media doesnt want you to know that,",2020-12-01 07:13:03,0,,0
33,1333670429874024451,COVID-19 vaccine trial recruits Portland metro area residents https://t.co/AiDhDjHPzz,2020-12-01 07:13:03,0,USA,0
34,1333670430712983553,"RT @80_mcswan: I demand the British Gov drop the Tax raid on the #Covid 500 bonus for NHS staff in Scotland 
I stand with the NHS staff to",2020-12-01 07:13:03,0,"Glasgow, UK",0
35,1333670430801088512,We done had a hell of year. If its one thing that I realized is that we arent any better than those that passed a https://t.co/DyqeBsJmz8,2020-12-01 07:13:03,1,,1
36,1333670431086186497,"RT @amyklobuchar: The Senate is back. Were in session. America cant wait any longer, we need a vote on COVID relief right now.",2020-12-01 07:13:03,0,"Seattle, WA",0
37,1333670431602077696,"RT @BJP4India: India turning into a preferred investment hub under the leadership of PM Shri @narendramodi.

FDI has doubled in Q2 year-on-",2020-12-01 07:13:03,0,"   , ",0
38,1333670431606272000,"RT @OH_mes2: All of aespa and NCT have tested negative for Coronavirus

https://t.co/vVAeXotLCA https://t.co/OAQErNasMf",2020-12-01 07:13:03,0,nctzen area,0
39,1333670431790829568,"RT @OH_mes2: All of aespa and NCT have tested negative for Coronavirus

https://t.co/vVAeXotLCA https://t.co/OAQErNasMf",2020-12-01 07:13:03,0,,0
40,1333670431916691456,HIS REMIT IS SIMPLY TO MAKE YOU BELIEVE COVID..AS AN ILLNESS..IS BIGGER THAN THE ILLNESSES RECORDED AS SIDE EFFECT. https://t.co/DaMb61xMlj,2020-12-01 07:13:04,0,WORLD,1
41,1333670432633802754,"RT @wef: This is how we prevent future pandemics, say 22 leading scientists https://t.co/1pcP0Cupfp  #COVID19 #Human https://t.co/9ytdqtci4Q",2020-12-01 07:13:04,0,Pune,1
42,1333670432650657792,"RT @nathan_warner: @Patricia_Ann_E Before #COVID19 Ive never heard of oxygen shortages even considered as a possibility.

Though back in M",2020-12-01 07:13:04,0,Blackfoot Territory,0
43,1333670432449339392,"@ismailfahmi #WorldAIDSDay2020. Onlyglobal solidarity and shared responsibilitywill help us beat the coronavirus, https://t.co/wJWEIu7Mvy",2020-12-01 07:13:04,0,,0
44,1333670433049067520,"RT @jonnii2by4: I recently lost my sister to covid 19 . This shit is tough , my family is in pain . My mom is in pain I cant do nothing to",2020-12-01 07:13:04,0,,1
45,1333670432826748929,@ArvindKejriwal I was charged INR 2400 for Covid 19 test conducted on 30th Nov at 1:30 PM by Healthiens.. https://t.co/PFUYytIIT0,2020-12-01 07:13:04,0,"New Delhi, India",1
46,1333670433715937281,"RT @OH_mes2: All of aespa and NCT have tested negative for Coronavirus

https://t.co/vVAeXotLCA https://t.co/OAQErNasMf",2020-12-01 07:13:04,0,Indonesia,0
47,1333670434550677506,"RT @BJP4India: FPI inflows in India surge ahead while other emerging economies have struggled due to COVID-19 pandemic.

#EconomyRebounds h",2020-12-01 07:13:04,0,"Ahmedabad, Gujrat ",0
48,1333670434840211456,"Follow the journey of the #COVID19 vaccine. 
 https://t.co/fD22MqMR4k",2020-12-01 07:13:04,0,"Nairobi, Kenya",0
49,1333670435234299905,"RT @OH_mes2: All of aespa and NCT have tested negative for Coronavirus

https://t.co/vVAeXotLCA https://t.co/OAQErNasMf",2020-12-01 07:13:04,0,"medan, Indonesia",1
50,1333670435347722241,"RT @drdavidsamadi: 33,772,990 people around the world have gotten COVID-19 and recovered from it.

The media doesnt want you to know that,",2020-12-01 07:13:04,0,"Tennessee, USA",1
51,1333670435695833088,@FLOTUS Who wants to celebrate in a WH infected with covid-19!,2020-12-01 07:13:04,0,,0
52,1333670435813163008,"RT @rafaelshimunov: New York: we have a super majority!

Let's put it to work with the #ProtectNYHeroes Act. 

For too long have @Amazon wo",2020-12-01 07:13:04,0,Earth.United States.West Coast,1
53,1333670436102615040,RT @StarSoul777: The COVID vaccine created by the dark destroys DNA. This vaccine will also sever the connection with the individual's own,2020-12-01 07:13:05,0,"Guthrie, OK",0
54,1333670436354179072,"RT @BJP4India: FPI inflows in India surge ahead while other emerging economies have struggled due to COVID-19 pandemic.

#EconomyRebounds h",2020-12-01 07:13:05,0,"Agartala, India",1
55,1333670436622589954,"The number of regular domestic air travellers reaches 252K, a new high since the resumption of operations on 25th M https://t.co/NYWRjDpsfS",2020-12-01 07:13:05,0,,1
56,1333670436765196296,"@BeholdIsrael The Great Reset has been planned for some time. Globalist at the World Economic Forum, Davos, Bilde https://t.co/I4zGSA7s56",2020-12-01 07:13:05,1,,0
57,1333670437092544516,#stockstobuy #sharestobuy #stockstowatch #forex #TradingView #TRADINGTIPS #trading #Trader #moneytwitter #money RMS https://t.co/fE4VF8Dks2,2020-12-01 07:13:05,0,,0
58,1333670437843214337,"RT @drdavidsamadi: 33,772,990 people around the world have gotten COVID-19 and recovered from it.

The media doesnt want you to know that,",2020-12-01 07:13:05,0,,0
59,1333670437780262912,@ProjectLincoln Hahaha he said dead people were applying for applications. This man is beyond dumb. Does he ever co https://t.co/96pZgaC1fW,2020-12-01 07:13:05,0,"Big Bear City, CA",0
60,1333670437918806017,"RT @RileyBehrens: Earlier today, I was diagnosed as having suffered a Transient Ischemic Attack (TIA), or what's commonly known as a mini-s",2020-12-01 07:13:05,0,,1
61,1333670438191341570,"RT @Yeero3D: Covid vibes for sure 

Shout out to @No1Nsfw for the idea and @DisckoA for the amazing model, and to both at the same time fo",2020-12-01 07:13:05,0,,0
62,1333670438657019904,RT @AParent39: @Parents_Utd My y10 caught Covid at school and was quite poorly. Three in his class have it (10%) and dozens across school.,2020-12-01 07:13:05,0,,0
63,1333670438854017024,"RT @NMHC: RUNNING A SMALL BUSINESS? The Commission, along with the Mentally Health Workplace Alliance &amp; Ahead for Business, has created a g",2020-12-01 07:13:05,0,Berkeley | California | USA,1
64,1333670439000870912,"RT @DenviQ_Kenya: December is a very tricky Month,  please take care of yourselves,  this is the Month Angel of Death do take a walk on our",2020-12-01 07:13:05,0,My own empire,0
65,1333670439164534791,"RT @ZachandMattShow: Andrew Yang Says Pay People $1,500 to Take the Covid-19 Vaccine 

Watch: https://t.co/T7JkgGjIBg https://t.co/IarqSGTb",2020-12-01 07:13:05,0,Place :),0
66,1333670439684505601,"RT @nctdaoying: [Official] All members of NCT &amp; Aespa have tested negative for COVID-19

https://t.co/ticl2BqFaY https://t.co/FWQ4Okmnlr",2020-12-01 07:13:05,-1,johnnyjsuh ,1
67,1333670440296976384,RT @DrTomFrieden: There are six new Covid cases every second and one death every minute in the US. Its going to get worse before it gets,2020-12-01 07:13:06,0,,1
68,1333670440372375552,"RT @PeterHotez: 1/5: Ive severely criticized Dr Atlas since his appointment, but make no mistake he was only one of several mouthpieces fo",2020-12-01 07:13:06,0,U.S.A. (real American),1
69,1333670440502513666,"RT @jbhearn: BBC says a further 205 people have died from Covid 

This is incorrect as 205 people have died within 28 days of having a posi",2020-12-01 07:13:06,0,United Kingdom,1
70,1333670440603181058,RT @FaustoBustos: Wow it's almost like we're scapegoating China again even though the same thing happened here and continues to happen here,2020-12-01 07:13:06,0,Unceded Lenape-Hakni Lands ,1
71,1333670440917757952,RT @ShuaibKhan26: The NEU are absolutely correct in asking for data relating to deaths in educational settings from COVID. A lady at our lo,2020-12-01 07:13:06,0,Glasgow,0
72,1333670440363978754,Oh my!,2020-12-01 07:13:06,0,"Wellington Region, New Zealand",0
73,1333670440833667073,RT @RepLeeZeldin: Shocker... The better question for @CNN is why they waited until after the election for their public epiphany that China,2020-12-01 07:13:06,0,,1
74,1333670441018216452,"RT @drdavidsamadi: 33,772,990 people around the world have gotten COVID-19 and recovered from it.

The media doesnt want you to know that,",2020-12-01 07:13:06,0,,0
75,1333670441106411520,"RT @IceAgeFarmer: It's here.  UK:
No Jab, No Entry: Restaurants, bars and cinemas may turn customers away if they have not had a Covid jab.",2020-12-01 07:13:06,0,,1
76,1333670441534189575,"IIT Bhubaneswar study confirms social distancing norms, effectiveness of face mask

https://t.co/YfEjI171FW https://t.co/iOSKPwm9k5",2020-12-01 07:13:06,0,India,1
77,1333670441785962497,"An ""CNN exclusive"" even though the president and right wing have been pointing this out for 8 months. We were brand https://t.co/Qz3m3m2c0Z",2020-12-01 07:13:06,0,"Queens, NY",0
78,1333670442947792896,COVID-19: Sheffield City Council warns care home providers not to use government's rapid tests over doubts about ac https://t.co/j7pqKRZoYB,2020-12-01 07:13:06,0,http://www.jayceebrown.com,1
79,1333670443199315975,"Julian Assange is on a prison ward where there has been a COVID outbreak; is not able to leave his cell, not even t https://t.co/g6PgSTKOZO",2020-12-01 07:13:06,0,Melukerdee/Palawa country.,0
80,1333670443362836480,RT @morethanmySLE: Senator Loeffler's Affordable Health Care Option Act of 2020 promotes JUNK insurance &amp; has ZERO co-sponsors. Why would a,2020-12-01 07:13:06,0,,1
81,1333670443782340608,"RT @jaehyunbom__: SM confirmed that all members of NCT and aespa were tested negative for COVID-19

https://t.co/0hi2QYXnKf https://t.co/Sn",2020-12-01 07:13:06,0,,0
82,1333670444415803397,"RT @drdavidsamadi: 33,772,990 people around the world have gotten COVID-19 and recovered from it.

The media doesnt want you to know that,",2020-12-01 07:13:07,0,,0
83,1333670445028032512,@JustinTrudeau  Ohhhh You Know This Pattern  This Is REALLY BAD NEWS!  https://t.co/tl26pulsI5,2020-12-01 07:13:07,-1,,0
84,1333670445279825923,"RT @NYGovCuomo: To all the tough guys"" who don't want to wear a mask or worry about COVID.

I have a message for you. 

Exhausted nurses &amp;",2020-12-01 07:13:07,0,"Belvidere, N.J.",0
85,1333670445728501762,"RT @nctdaoying: [Official] All members of NCT &amp; Aespa have tested negative for COVID-19

https://t.co/ticl2BqFaY https://t.co/FWQ4Okmnlr",2020-12-01 07:13:07,-1,+=,0
86,1333670445762052096,"RT @chrislhayes: In sheer number of lives, one of the most destructive, deadly policy adivsors in recent American history.",2020-12-01 07:13:07,0,"Minneapolis, MN",1
87,1333670445791395840,Police Chief Eric Jones told me tonight that the police are entitled not to wear masks for crucial situations like https://t.co/5YFZqRrmNz,2020-12-01 07:13:07,0,,0
88,1333670442914103298,"RT @nctdaoying: [Official] All members of NCT &amp; Aespa have tested negative for COVID-19

https://t.co/ticl2BqFaY https://t.co/FWQ4Okmnlr",2020-12-01 07:13:06,-1,,0
89,1333670446152052738,"A pug in North Carolina may be the first dog in US to test positive for coronavirus 2020/04/28 CNN
https://t.co/UZ9uIOCEOW",2020-12-01 07:13:07,0,"Kochi, Japan",1
90,1333670446244524033,RT @profwolff: The 10% who own 80% of stocks celebrate the US stock market. The 90% celebrate the orgs (1) providing emergency food to tens,2020-12-01 07:13:07,1,,0
91,1333670446693314561,"RT @DeathPenaltyWW: ""But with every criminal case, especially every death penalty case, theres so much more that must be known about a per",2020-12-01 07:13:07,0,Lenape Land,0
92,1333670446777044993,"RT @ShereefElnahal: One in five US hospitals now have severe staffing shortages as they surge with patients with #COVID19.

Talked to @jami",2020-12-01 07:13:07,0,"San Francisco, CA",1
93,1333670446810554368,"RT @Yuvraj_3112: @artizzzz #Postpone_jen_exam @ashokgehlot51
This @RsmssbJ JEn exam is offline and students will be in contact with Teacher",2020-12-01 07:13:07,0,,1
94,1333670447733501952,"RT @thebradfordfile: Even CNN is now admitting China lied about Covid cases and deaths.

Trump was right--again.",2020-12-01 07:13:07,0,"earth, for now...  ",0
95,1333670447779516417,"RT @drdavidsamadi: 33,772,990 people around the world have gotten COVID-19 and recovered from it.

The media doesnt want you to know that,",2020-12-01 07:13:07,0,Earth,0
96,1333670448727375873,"RT @nbcsandiego: As COVID-19 cases spiral out of control, some local doctors are raising concerns about the increasing number of younger ad",2020-12-01 07:13:08,0,,1
97,1333670448752521217,"RT @Craig_A_Spencer: As COVID19 surges across the US, its hard to describe the situation inside hospitals for healthcare providers &amp; patie",2020-12-01 07:13:08,0,ID,0
98,1333670448807153664,"RT @amyklobuchar: The Senate is back. Were in session. America cant wait any longer, we need a vote on COVID relief right now.",2020-12-01 07:13:08,0,"Dallas, TX",0
99,1333670449058775040,"RT @TomCottonAR: As I have said from the very beginning of this terrible pandemic: 

The Chinese Communist Party lied to the world, and the",2020-12-01 07:13:08,0,,1
100,1333670449528463363,"RT @didikins4life: ""She's desperate to hide the fact that as owner of the New York Stock Exchange,she spent $30M trying to buy a Senate sea",2020-12-01 07:13:08,0, ,0
101,1333670449624928257,"RT @NaheedD: Seeing politicians blame South Asians for spreading #covid19 while saying nothing about anti-maskers speaks volumes. 

They kn",2020-12-01 07:13:08,0,,0
102,1333670449742536704,RT @joeclark947: @CIOonline @avast_antivirus @kaspersky @AVGFree @symantec @ESET @NortonOnline @TheHackersNews @hackernoon @Cisco @Microsof,2020-12-01 07:13:08,0,United States,0
103,1333670450262548481,"RT @BJP4India: India turning into a preferred investment hub under the leadership of PM Shri @narendramodi.

FDI has doubled in Q2 year-on-",2020-12-01 07:13:08,0,"Ahmedabad, Gujrat ",0
104,1333670450514292736,"RT @libertyhq: VICTORY 

PROTEST IS EXEMPT FROM NEW COVID GATHERING REGULATIONS IN All 3 TIERS

(Exception 14)
https://t.co/0fkyVc9sLx http",2020-12-01 07:13:08,0,Essex Uk,0
105,1333670450723909632,"RT @IvankaTrump: Fond memories from the Global Entrepreneurship Summit in India with Prime Minister @narendramodi!

As the world continue",2020-12-01 07:13:08,0,United States,1
106,1333670450828898306,RT @JamaalBowmanNY: The next Secretary of Agriculture must know that food insecurity &amp; malnutrition strikes urban areas of America. As a pr,2020-12-01 07:13:08,0,"Colorado, USA",0
107,1333670450862415872,"RT @drdavidsamadi: 33,772,990 people around the world have gotten COVID-19 and recovered from it.

The media doesnt want you to know that,",2020-12-01 07:13:08,0,Innisfail,1
108,1333670450870833152,"Ignorance really must be blissful. How nice it would be to NGAF about anyone around me. You catch what I gave you, https://t.co/1CMIB6Ifdw",2020-12-01 07:13:08,0,"Arizona, USA",1
109,1333670451176992768,"RT @DrOnyemaOgbuagu: Just did a week on the COVID wards...some observations...
1. COVID still ravaging 
2. People still dying but majority",2020-12-01 07:13:08,0,"stanbul, Abuja ",0
110,1333670451336286208,"RT @WHOWPRO: #COVID19 confirmed cases and deaths in the @WHO Western Pacific Region as of 10 AM Manila time on 1 December  

 For more in",2020-12-01 07:13:08,0,,0
111,1333670451327995904,"RT @JB_Barrington: But the @NHS is a salvation &amp; its employees are saviours for folk, especially those folk less fortunate than yourself. Y",2020-12-01 07:13:08,0,,0
112,1333670451453652993,"RT @thebradfordfile: Even CNN is now admitting China lied about Covid cases and deaths.

Trump was right--again.",2020-12-01 07:13:08,0,"New York ,USA ",1
113,1333670451499950080,"RT @drdavidsamadi: 33,772,990 people around the world have gotten COVID-19 and recovered from it.

The media doesnt want you to know that,",2020-12-01 07:13:08,0,,1
114,1333670451537608704,@liliprmms genuine happiness and covid free ! &lt;3,2020-12-01 07:13:08,1,she/her,0
115,1333670451793551360,This is horrifying and very 2020,2020-12-01 07:13:08,0,London,0
116,1333670451785068546,RT @justincousson: holy shit the city canceled peoples covid testing because they needed union station to shoot the gender-swapped tiktok-,2020-12-01 07:13:08,0,,1
117,1333670452028293120,"RT @AishwaryaMudgi1: I find it VERY amusing that a man who 6 months ago, refused to let ""non-Delhiites"" from getting treated for COVID in D",2020-12-01 07:13:08,1,,1
118,1333670452921831425,"RT @orbrealm: funny how the US has ""bungled"" coronavirus response from the very beginning and continues to do worse than pretty much every",2020-12-01 07:13:09,0,She/They,1
119,1333670453051748353,"Udah gt ga main IG pula. By the time covid ends, people will forget my name ",2020-12-01 07:13:09,0,,1
120,1333670453500493824,"RT @nctdaoying: [Official] All members of NCT &amp; Aespa have tested negative for COVID-19

https://t.co/ticl2BqFaY https://t.co/FWQ4Okmnlr",2020-12-01 07:13:09,-1, she/her  ,0
121,1333670453496471552,"RT @tjmanotoc: What happened in October in the US that led to this disastrous November? 

Rallies? Protests? Parties? Bars reopened? Covid",2020-12-01 07:13:09,-1,,1
122,1333670453517246464,thank God ,2020-12-01 07:13:09,0,exoplanet & neocity | ph,1
123,1333670453735514112,"RT @MEMRIReports: Chinese Sociologist Dr. Li Yi: We Are Driving America to Its Death; COVID-19 Has Been Beneficial for China, North Korea;",2020-12-01 07:13:09,0,,1
124,1333670453831929856,Covid: Dr Scott Atlas - Trump's controversial coronavirus adviser - resigns - https://t.co/tXf3VfNtwr - #USPolitics https://t.co/tOqI0zhhVw,2020-12-01 07:13:09,1,The White House,0
125,1333670454284849152,"'Covid-19 vaccine's success relies on ability to address mistrust, misinfo' https://t.co/bFGw2SB0k1",2020-12-01 07:13:09,0,,1
126,1333670454977032193,'The #Wuhan_Files': CNN Publishes Leaked #Report Showing #China Downplayed #COVID-19 #Outbreak | Zero Hedge https://t.co/mrR9jHN2E1,2020-12-01 07:13:09,0,UK- Wales,1
127,1333670455149006848,"RT @jamesfordtv: Pleasure at the end of a hard days work covering #coronavirus to hear @bts_bighit s Life Goes On, about overcoming the",2020-12-01 07:13:09,0,,0
128,1333670455367045120,"RT @drdavidsamadi: 33,772,990 people around the world have gotten COVID-19 and recovered from it.

The media doesnt want you to know that,",2020-12-01 07:13:09,0,,1
129,1333670455572451328,"RT @Cobeh09: 1 Desember 2020
Anies Baswedan Positif Covid-19
.
https://t.co/OQYk3jIamJ https://t.co/1DKRw0xh0y",2020-12-01 07:13:09,0,"Kota Surabaya, Jawa Timur",0
130,1333670455677358080,RT @CurlyJungleJake: Dear internet: the vaccines are about to come out. They need both shots to work. You will probably get injection site,2020-12-01 07:13:09,0,"Los Angeles, CA",1
131,1333670455778050049,@MeerraChopra Could you please share his number to consult him? My father is also critical right now and infected with Covid.,2020-12-01 07:13:09,0,Pune,1
132,1333670455924846592,"RT @drdavidsamadi: 33,772,990 people around the world have gotten COVID-19 and recovered from it.

The media doesnt want you to know that,",2020-12-01 07:13:09,0,,0
133,1333670455954300928,RT @Avenger2Toxic: Ok Patriots. Need some prayer. Got a chest cold. Been tested for the old Covid. Tested negative. But I want to feel good,2020-12-01 07:13:09,0,"Speedway, IN",0
134,1333670455903850496,"RT @Mojahedineng: Over 173,100 people have died of the novel #coronavirus in 465 cities checkered across all of #Irans 31 provinces, accor",2020-12-01 07:13:09,0,United States,0
135,1333670456801583104,RT @StevenJulious: Sheffield will be going into Tier 3 on Wednesday after lockdown.  The table gives the 7 day rates in Sheffield compared,2020-12-01 07:13:09,0,,1
136,1333670457254375426,"RT @BloodAid: #Delhi Need B+ #blood Covid-19 Convalescent #plasma donor @ Kalra Hospital, Kirti Nagar. 
Call 9811423458
#BloodAid via @Gaur",2020-12-01 07:13:10,0,"Tilak Nagar, New Delhi",0
137,1333670457711730690,"It's past midnight in Omaha, so it's officially NCHC game day (Omaha vs. Minn. Duluth at 3:35; WMU vs. SCSU at 7:35 https://t.co/VftAOPhjzw",2020-12-01 07:13:10,0,"Grand Forks, ND, USA",0
138,1333670457959071745,"RT @OH_mes2: All of aespa and NCT have tested negative for Coronavirus

https://t.co/vVAeXotLCA https://t.co/OAQErNasMf",2020-12-01 07:13:10,0,,0
139,1333670458936356865,"RT @allkpop: NCT &amp; aespa test negative for COVID19
https://t.co/9p7Jxu2dUY",2020-12-01 07:13:10,0,,0
140,1333670459150200836,"RT @AartiTikoo: The Anti-Trump media

Before the US elections: Dont blame China for Trumps incompetence. He is a racist &amp; a liar.

After",2020-12-01 07:13:10,0,India,0
141,1333670459498381313,"RT @globalcitizenln: @RileyBehrens Very sorry about the illness. Here's hoping for a steady recovery. 

Thank you very much for sharing th",2020-12-01 07:13:10,0,Seattle,1
142,1333670459464814596,"RT @edyong209: This is an excellent thread, and yet another example of the complexities in interpreting pandemic data.",2020-12-01 07:13:10,1,"Portland, OR",1
143,1333670459909541888,RT @cricketwyvern: Unbelievable. How can any MP support the Govt on this tomorrow?,2020-12-01 07:13:10,0,,0
144,1333670459955576832,"RT @BJP4India: FPI inflows in India surge ahead while other emerging economies have struggled due to COVID-19 pandemic.

#EconomyRebounds h",2020-12-01 07:13:10,0,,0
145,1333670460886749184,RT @SusanEacock: Feel so sorry for the lovely people in Wales for what the Labour idiots are doing to their beautiful country! ,2020-12-01 07:13:10,0,Mid Calder,0
146,1333670460920360960,RT @SheenaParish: @jonrappoport Contaminated testing - whistleblower killed when they shot down MH17 about to expose #Gates #Soros bioweapo,2020-12-01 07:13:10,0,"Zuid-Holland, Nederland",0
147,1333670460920238082,"RT @OH_mes2: All of aespa and NCT have tested negative for Coronavirus

https://t.co/vVAeXotLCA https://t.co/OAQErNasMf",2020-12-01 07:13:10,0,RENJUN & SHUHUA,0
148,1333670461410922497,MINSOO BABY  &amp; BITTO ,2020-12-01 07:13:11,0,,0
149,1333670461645807617,"RT @jamesfordtv: Pleasure at the end of a hard days work covering #coronavirus to hear @bts_bighit s Life Goes On, about overcoming the",2020-12-01 07:13:11,0,PRE SAVE BE,1
150,1333670461813649410,RT @WPeriyasamy: Defending the carceral state even in a pandemic. It never had to be this way.,2020-12-01 07:13:11,0,"Kuala Lumpur, Malaysia",0
151,1333670462031687682,"RT @WHOPhilippines: Early #HIV diagnosisand treatmentcan save your life and prevent others from getting infected!

Essential HIV servic",2020-12-01 07:13:11,0,"Manila, Philippines",1
152,1333670461989920768,"@ScottWAtlas
Don't let the door hit you in the face! Bye Felicia!
https://t.co/dOxBsZch5A",2020-12-01 07:13:11,0,"Madrid, Spain",1
153,1333670462333841408,RT @RealMattCouch: Newsmax talking about the Coronavirus during the Hearing isn't going to help their newly acquired viewership...,2020-12-01 07:13:11,0,The Red Leather Chair,1
154,1333670462656638980,"RT @allkpop: NCT &amp; aespa test negative for COVID19
https://t.co/9p7Jxu2dUY",2020-12-01 07:13:11,0,,1
155,1333670462690353152,"RT @thebradfordfile: Even CNN is now admitting China lied about Covid cases and deaths.

Trump was right--again.",2020-12-01 07:13:11,0,,1
156,1333670462719606785,"RT @BJP4India: India turning into a preferred investment hub under the leadership of PM Shri @narendramodi.

FDI has doubled in Q2 year-on-",2020-12-01 07:13:11,0,"Valsad, India",1
157,1333670463239811072,@remid0d0s0 @PamLongCO That's a bit extreme. your number are way off we may see 300K maximum I would say is 375K fa https://t.co/ueyBeYypeh,2020-12-01 07:13:11,0,Florida ,0
158,1333670463285964800,Finland's Covid-19 vaccination plan to be unveiled. Red Cross: Coronavirus increased food poverty. Verdict due in M https://t.co/MO0mpXGeCG,2020-12-01 07:13:11,0,Finland,0
159,1333670463982145536,Wow. Sociology is just as batshit in China. ,2020-12-01 07:13:11,0,,0
160,1333670464288215041,"RT @drdavidsamadi: 33,772,990 people around the world have gotten COVID-19 and recovered from it.

The media doesnt want you to know that,",2020-12-01 07:13:11,0,,1
161,1333670464959332352,"RT @Craig_A_Spencer: As COVID19 surges across the US, its hard to describe the situation inside hospitals for healthcare providers &amp; patie",2020-12-01 07:13:11,0,Indonesia,1
162,1333670464871305216,"RT @RedRising11:  China Blames #COVID19 on #Trump... Democrats: Thats right! @realDonaldTrump is a Misogynist Racist Murderer, lets elec",2020-12-01 07:13:11,0,,1
163,1333670465190170627,RT @zerohedge: The covid circle https://t.co/G663KJO2xS,2020-12-01 07:13:11,0,"Milano, Lombardia",1
164,1333670465420800000,RT @BamaStephen: Tragic: #COVID Outbreak at #NorthCarolina Church Linked to 12 Deaths | #Church allegedly refused to take #Coronavirus miti,2020-12-01 07:13:12,0,"Alabama, USA",1
165,1333670465903104000,"RT @jaehyunbom__: SM confirmed that all members of NCT and aespa were tested negative for COVID-19

https://t.co/0hi2QYXnKf https://t.co/Sn",2020-12-01 07:13:12,0,02|she,1
166,1333670465932582914,"RT @bright8694: Dirty politicians are exhausting and need to be removed.

Our vote is our power to choose:
Honesty
Health care
Covid rel",2020-12-01 07:13:12,-1,,0
167,1333670466075103232,"RT @btob_info: According to this article, BTOB 4U have tested negative for coronavirus

https://t.co/N28tTG18N1",2020-12-01 07:13:12,0,,1
168,1333670466272206848,"RT @balloon_wanted: #Update: SM Entertainment share that both NCT and aespa have tested negative for COVID-19

https://t.co/e77S20ovqb",2020-12-01 07:13:12,0,+60 she/her,0
169,1333670466813259777,"RT @ESCochrane: ""Our failure to protect ourselves has caught up to us. The nation now must endure a critical period of transition, one that",2020-12-01 07:13:12,0,,0
170,1333670466733576194,"RT @DebraMessing: The Republicans WON'T PASS the HEROES ACT. 

The GOP have been blocking  this URGENT  RELIEF BILL because they want langu",2020-12-01 07:13:12,0,"Las Vegas, NV-Belgrade, Serbia",1
171,1333670466863689728,"RT @pswidlicki: Exactly this. Its one thing to say economic cost of no deal worth it to achieve maximum degree of separation from EU, its a",2020-12-01 07:13:12,0,London,0
172,1333670467408900096,"I guess we can call this #OperationThoughtsAndPrayers 
https://t.co/TJNPrmbYHz",2020-12-01 07:13:12,0,,1
173,1333670467589316609,"@elder_peter @BBCScotlandNews @NicolaSturgeon This is a covid "" bonus "" not a profit related one, a thankyou for wo https://t.co/ITpkGdPm75",2020-12-01 07:13:12,0,"Scotland, United Kingdom",1
174,1333670467895484417,RT @SheffieldStar: Sheffield Council reportedly fears the new tests are not accurate enough https://t.co/d81CVQly4j,2020-12-01 07:13:12,0,Manchester,0
175,1333670467954110465,RT @NFL_Memes: The NFL rescheduling games because of COVID-19 (@KingJosiah54)  https://t.co/K1u6145qUi,2020-12-01 07:13:12,0,"Salt Lake City, UT",0
176,1333670468176408583,"RT @BuckForColorado: China lied, people died. We must hold them accountable. https://t.co/z1iAaUFXFo",2020-12-01 07:13:12,0,,1
177,1333670468113534982,"Well said Ed Davey, it is time that Boris. &amp; the Tories provided Clarity of thought &amp; some Clear Direction :

Th https://t.co/UYe7ebAPuk",2020-12-01 07:13:12,0,"Worcester, England",0
178,1333670468214083584,Yes indeed,2020-12-01 07:13:12,0,"Jammu, 181221",1
179,1333670468465770497,"RT @aespapicss_: SM Entertainment stated that both NCT and aespa have tested negative for covid!

https://t.co/qmKykUquWk",2020-12-01 07:13:12,0,,1
180,1333670468268617728,"RT @OH_mes2: All of aespa and NCT have tested negative for Coronavirus

https://t.co/vVAeXotLCA https://t.co/OAQErNasMf",2020-12-01 07:13:12,0,leejinki,1
181,1333670468688048133,RT @AJEnglish: Jakarta governor Anies Baswedan tests positive for COVID-19 https://t.co/GVZ4Ku89Tn,2020-12-01 07:13:12,0,Philippines,1
182,1333670468679774208,RT @ShehryarAfridi1: Shattered to know that renowned #APHC leader Altaf Ahmed Bhat is in critical condition due to #COVID-19. He has been a,2020-12-01 07:13:12,0," , ",1
183,1333670469527089155,"RT @drdavidsamadi: 33,772,990 people around the world have gotten COVID-19 and recovered from it.

The media doesnt want you to know that,",2020-12-01 07:13:12,0,,0
184,1333670469577232384,"RT @IvankaTrump: Fond memories from the Global Entrepreneurship Summit in India with Prime Minister @narendramodi!

As the world continue",2020-12-01 07:13:13,0,,1
185,1333670469980008448,@EmeraldRobinson @realDonaldTrump @US_FDA Trump is just a complete contradiction!! On one hand he says covid-19 is https://t.co/vjc1ACL1jy,2020-12-01 07:13:13,0,"Liverpool, England",1
186,1333670470235766785,"RT @OH_mes2: All of aespa and NCT have tested negative for Coronavirus

https://t.co/vVAeXotLCA https://t.co/OAQErNasMf",2020-12-01 07:13:13,0,,0
187,1333670470407766016,"RT @GavinNewsom: VACCINE UPDATE: CA will be receiving 327,000 doses of the new Pfizer #COVID19 vaccine in mid December.

Transparency, equi",2020-12-01 07:13:13,0,"California, USA",1
188,1333670470428872705,"WIPO handles 50,000th UDRP case as coronavirus drives complaints https://t.co/b0Nhdwmuu6",2020-12-01 07:13:13,0,Windsor  Ontario  Canada,0
189,1333670470739054593,"RT @drdavidsamadi: 33,772,990 people around the world have gotten COVID-19 and recovered from it.

The media doesnt want you to know that,",2020-12-01 07:13:13,0,,1
190,1333670471187849217,"RT @nctdaoying: [Official] All members of NCT &amp; Aespa have tested negative for COVID-19

https://t.co/ticl2BqFaY https://t.co/FWQ4Okmnlr",2020-12-01 07:13:13,-1,,0
191,1333670471154491398,@donnabrazile $1500 dollars is not enough to convince me to take a vaccine  that is of ? safety.  I am MORE convin https://t.co/vSKIGJXWZ1,2020-12-01 07:13:13,0,,1
192,1333670472152657926,"RT @ellencarmichael: Facebook posts are nothing compared to reach of Biden, Harris, Cuomo and leftwing intelligentsia who insisted a vaccin",2020-12-01 07:13:13,0,"Evanston, IL",1
193,1333670472656019457,"RT @drdavidsamadi: 33,772,990 people around the world have gotten COVID-19 and recovered from it.

The media doesnt want you to know that,",2020-12-01 07:13:13,0,,0
194,1333670472894955520,"RT @DrewHolden360: Thread

Todays news about Chinas poor and deceptive handling of the coronavirus outbreak should serve as a wake up c",2020-12-01 07:13:13,0,Texan in California,1
195,1333670473373257730,RT @CurlyJungleJake: Dear internet: the vaccines are about to come out. They need both shots to work. You will probably get injection site,2020-12-01 07:13:13,0,,0
196,1333670473968730117,"RT @drdavidsamadi: 33,772,990 people around the world have gotten COVID-19 and recovered from it.

The media doesnt want you to know that,",2020-12-01 07:13:14,0,,0
197,1333670473935196163,"RT @TahliaJenni: Now theres a shock  but why didnt you report this , maybe 5 weeks ago ? https://t.co/aTRb8JMQAG",2020-12-01 07:13:14,0,Australia,1
198,1333670474505719808,RT @GlobalLogic: The #ManufacturingInnovation that #COVID19 has brought to the industry shouldn't end after the pandemic is over. How to ke,2020-12-01 07:13:14,0,"California, USA",1
199,1333670474224701442,"Last week saw the first global decline in newly reported cases of COVID-19 since September, the head of the UN Wor https://t.co/J5xaoGJgI1",2020-12-01 07:13:14,0,"Harare, Zimbabwe",1
200,1333670474631450625,"RT @BloodDonorsIn: #Delhi
Need #Blood Type :  B-positive
At : Kalra Hospital, Kirti Nagar 
Blood Component : Need Plasma from B+ve #COVID19",2020-12-01 07:13:14,0,"Tilak Nagar, New Delhi",1
201,1333670474824491008,RT @CurlyJungleJake: Dear internet: the vaccines are about to come out. They need both shots to work. You will probably get injection site,2020-12-01 07:13:14,0,,0
202,1333670474656706560,And this is who you guys wish to talk to? @Quackity @Dream @Corpse_Husband Jesus tap dancing christ. What happened https://t.co/JXMgqvxKgp,2020-12-01 07:13:14,0,MDNI (),0
203,1333670475470258176,"RT @drdavidsamadi: 33,772,990 people around the world have gotten COVID-19 and recovered from it.

The media doesnt want you to know that,",2020-12-01 07:13:14,0,"Las Vegas, NV",0
204,1333670475839410176,"RT @DeadlineDominic: UPDATE: @MayorOfLA office ""hoping to reopen the Union Station sites operations tomorrow"" for #COVID19 testing. DTLA s",2020-12-01 07:13:14,0,"Portland, Or",0
205,1333670476590186496,RT @haiqa_cheema: The audacity this man has to single out my community when there are literal anti-mask rallies and malls packed with peopl,2020-12-01 07:13:14,0,black beverly hills,0
206,1333670476846022656,RT @prasannavishy: Number of Covid-19 cases in the alleged model state of Kerala (population-3.48 crores) is nearly equal to total number,2020-12-01 07:13:14,0,"England, United Kingdom",1
207,1333670477135429634,"RT @BJP4India: FPI inflows in India surge ahead while other emerging economies have struggled due to COVID-19 pandemic.

#EconomyRebounds h",2020-12-01 07:13:14,0,"Ahmadabad City, India",0
208,1333670477311578112,RT @CurlyJungleJake: Dear internet: the vaccines are about to come out. They need both shots to work. You will probably get injection site,2020-12-01 07:13:14,0,Long Beach ,1
209,1333670477538029568,RT @ByMikeBaker: A coronavirus testing site in Los Angeles is shutting down for a day and canceling appointments so that a crew of 170 peop,2020-12-01 07:13:14,0,,1
210,1333670477848567808,"#okpreps Norman (6A), Piedmont (5A), Anadarko (4A), Jones (3A), Dale (2A), Hydro-Eakly (A) and Lomega (B) are prese https://t.co/pKXQP5pjnb",2020-12-01 07:13:14,0,Tulsa,0
211,1333670478385348608,"RT @balloon_wanted: #Update: SM Entertainment share that both NCT and aespa have tested negative for COVID-19

https://t.co/e77S20ovqb",2020-12-01 07:13:15,0,she/her,0
212,1333670478360154113,RT @HinduMonkey: Anybody who is even thinking about FPL here needs to take a long hard look at themselves. If the @premierleague don't rear,2020-12-01 07:13:15,0,,0
213,1333670479257735168,"RT @imcorona_: My name is Wuhan Virus 
You can call me corona but prefer to
call me Wuhan Virus bcoz I'm originated from #Wuhan 
#coronavir",2020-12-01 07:13:15,0,Honduras,1
214,1333670479253614594,RT @justin_hart: Kudos to @Zigmanfreud who saw this for the fraud it was.,2020-12-01 07:13:15,0,,1
215,1333670479534518272,"RT @BenKTallmadge: ICYMI, this parasite received his education in th US &amp; holds a green card. https://t.co/WD2UOqHEWY",2020-12-01 07:13:15,0,,0
216,1333670479907807232,"@TRAI People r Much Aware Of Covid19,&amp; Now 
In #TamilNadu We R Going Through #CycloneAlert From Last Week But For E https://t.co/nsRErMVG6e",2020-12-01 07:13:15,0,Chennai,0
217,1333670480121896960,"RT @drdavidsamadi: 33,772,990 people around the world have gotten COVID-19 and recovered from it.

The media doesnt want you to know that,",2020-12-01 07:13:15,0,"Oklahoma, USA",0
218,1333670480105140225,"RT @ChrisWickNews: 33,772,990 people around the world have gotten COVID-19 and recovered from it.

The media doesnt want you to know that,",2020-12-01 07:13:15,0,"Wales, United Kingdom",1
219,1333670480809766912,"RT @thebradfordfile: Even CNN is now admitting China lied about Covid cases and deaths.

Trump was right--again.",2020-12-01 07:13:15,0,,1
220,1333670480864165888,NCT and Aespa who has been in MShows still need to self Isolate. The incubation time for the virus is 14 days or mo https://t.co/k9yqk5QCI0,2020-12-01 07:13:15,0,,0
221,1333670481258541056,Moderna seeks clearance for COVID-19 vaccine after strong test results https://t.co/GCa4LfLVXo,2020-12-01 07:13:15,0,"Washington, DC",0
222,1333670481405251584,RT @Alyssa_Milano: @tedcruz This is hilarious. Why is the GOP blocking covid relief from working class families if its the party of workin,2020-12-01 07:13:15,1,"Seattle, WA",1
223,1333670481539395585,"RT @drdavidsamadi: 33,772,990 people around the world have gotten COVID-19 and recovered from it.

The media doesnt want you to know that,",2020-12-01 07:13:15,0,Arizona,0
224,1333670481656905728,"RT @Satlokbetul: #Power_Of_TrueWorship
All the great men have asked to go to the shelter of True Saint, but in today's time who is the perf",2020-12-01 07:13:15,1,"Jaipur, India",1
225,1333670481963098114,"RT @BJP4India: FPI inflows in India surge ahead while other emerging economies have struggled due to COVID-19 pandemic.

#EconomyRebounds h",2020-12-01 07:13:15,0,"Valsad, India",0
226,1333670482072268802,"RT @SM_NCT: [INFO] 201201 On December 1st, SM Entertainment officially announced to Newsen that all #NCT members and staff have tested nega",2020-12-01 07:13:15,-1,TyongF,0
227,1333670482210660354,@leetenseventeen Who NEVER extends grace to black women? Black women have been the face of politics in the communit https://t.co/JyjWEnxT4O,2020-12-01 07:13:16,0,"Charlotte, NC",1
228,1333670482466516992,"RT @Jim_Jordan: Forces covid positive patients into nursing homes. Thousands die. 

Get nominated for Times Person of the Year. 

Crazy.",2020-12-01 07:13:16,0,,0
229,1333670482516664321,RT @WhatsupDanny: LA shutting down a covid-19 testing site at Union station to film the remake of She's All That has to be the most LA thin,2020-12-01 07:13:16,0,"California, USA",1
230,1333670483229892608,RT @BBCWorld: Coronavirus: Ireland's shops reopen as restrictions eased https://t.co/WuQemL2CGM,2020-12-01 07:13:16,0,"Lagos, Nigeria",1
231,1333670483456270341,"RT @Goss30Goss: Republican Senators think all Americans are fucking stupid.

They keep trying to blame the House &amp; Democrats for no new Cov",2020-12-01 07:13:16,0,"Seattle, WA",1
232,1333670484458622976,"RT @ravindramitta18: #SSC_waiting_list
Join all medical fit candidates @nityanandraibjp  ji please over age ho rh h covid ki bajah se https",2020-12-01 07:13:16,0,"Rishra, Haora",0
233,1333670484592922627,@kathryniveyy Hang in there. You are an angel and our true soldiers in this war against COVID. Thank you!,2020-12-01 07:13:16,0,"Pasadena, CA",0
234,1333670484651634694,"RT @robinksg: Jason Kenney: blaming South Asians for spreading Covid. 

Also Jason Kenney: pandering for that South Asian vote. 

 https",2020-12-01 07:13:16,0,Nawf side,1
235,1333670484936962048,#AMERICAFirst #America #Election2020 #Election #TrumpTantrum #BidenCheats #COVIDSecondWave #COVID DOES ONE NEED ANY https://t.co/1baLGks5ea,2020-12-01 07:13:16,0,"Texas, USA",1
236,1333670485578563584,"RT @DrRJKavanagh: More than 173,000 people incarcerated in jails and prisons nationwide have contracted COVID 19 and almost 1,300 have died",2020-12-01 07:13:16,1,Sacramento,1
237,1333670485662560257,Covid-19 worsens gender-based violence for women:UN https://t.co/YbNiX6OHCk,2020-12-01 07:13:16,0,,1
238,1333670485511598081,@Mytwtsmyfeelins @Melody_Pow @GSTT_ICU @GSTTanaesthesia @LClinical @GSTTnhs Isolate for 10 days from the onset of s https://t.co/iICGv1YI4K,2020-12-01 07:13:16,0,SOUTH EAST LONDON UK,1
239,1333670485729558528,"RT @noahbrown19841: Third Times the Charm: 4,000 Recovered Shincheonji Church Members Donate Plasma in November
https://t.co/XcIDdv0lVa
#",2020-12-01 07:13:16,0,,0
240,1333670485662474241,Help fight the spread of COVID-19 in the community. Download the app here: https://t.co/rBryeYm8hh,2020-12-01 07:13:16,0,"West Coast, US",1
241,1333670485821956096,"@Simon4NDorset And what happens when we unlock, cases rise, yes, another lockdown, yes, more unemployed, yes, more https://t.co/IkVXBR5MrY",2020-12-01 07:13:16,1,Depends where i am,1
242,1333670486320955392,You really cant make this shit up,2020-12-01 07:13:16,0,SF Bay Area,0
243,1333670486912339968,"RT @RileyBehrens: Earlier today, I was diagnosed as having suffered a Transient Ischemic Attack (TIA), or what's commonly known as a mini-s",2020-12-01 07:13:17,0,Seattle,1
244,1333670486874738689,RT @IlhanMN: America doesnt suffer from scarcity  we suffer from greed.,2020-12-01 07:13:17,0,Deutschland,0
245,1333670487470211073,If Australia meets its targets it will be despite the government.,2020-12-01 07:13:17,0,NSW,1
246,1333670488917168129,"RT @marklewismd: Overheard someone rejecting any COVID vaccine that ""messes with DNA"" and man are they not gonna like how I treat cancer",2020-12-01 07:13:17,0,Boonwurrung land,0
247,1333670489084940289,RT @CNN: Here are answers to some of your most pressing Covid-19 vaccine questions as we get closer to having one available https://t.co/Po,2020-12-01 07:13:17,0,,0
248,1333670489160552448,@wtf1official Gutted for Perez - he should have been way ahead of this. Podium lost Sunday and two races away with https://t.co/PHcP4b3fs7,2020-12-01 07:13:17,0,"Wickford, East",0
249,1333670489160622080,RT @justincousson: holy shit the city canceled peoples covid testing because they needed union station to shoot the gender-swapped tiktok-,2020-12-01 07:13:17,0,you know ,0
250,1333670489177419776,RT @zev_dr: We must fight false propaganda with truth. The study below describes the way out of this global pandemic of lies. Please share,2020-12-01 07:13:17,0,"Palos Hills, IL",0
251,1333670489584185347,"@_Tamsey 3 months since I got COVID and my hair is falling out, my oxygen levels still drop dangerously low after s https://t.co/cs09sqNkge",2020-12-01 07:13:17,0,"Baltimore, MD",1
252,1333670489907101698,"RT @OH_mes2: All of aespa and NCT have tested negative for Coronavirus

https://t.co/vVAeXotLCA https://t.co/OAQErNasMf",2020-12-01 07:13:17,0,for girls| she/her,0
253,1333670490515197959,RT @zoenone0none: the union station covid testing site getting shut down to film the addison rae remake of she's all that might be the poin,2020-12-01 07:13:17,0,Unceded Coast Salish Terr.,1
254,1333670490582491136,"""What If Developing The Covid Vaccine Is The Easy Part?"" https://t.co/qGHi23SuZj #health #pharma",2020-12-01 07:13:18,0,Europe,1
255,1333670490875912192,RT @TheRickyDavila: This photo breaks my heart. https://t.co/7ETrIGvjtU,2020-12-01 07:13:18,0,,1
256,1333670491182096385,"RT @GavinNewsom: VACCINE UPDATE: CA will be receiving 327,000 doses of the new Pfizer #COVID19 vaccine in mid December.

Transparency, equi",2020-12-01 07:13:18,0,"San Diego, CA",1
257,1333670492767547392,"RT @timesnowsports: Pressure mounts on Pakistan as three more members of touring contingent test positive for COVID-19 

https://t.co/TSoj9",2020-12-01 07:13:18,0,India,1
258,1333670492939534336,"RT @jamesfordtv: Pleasure at the end of a hard days work covering #coronavirus to hear @bts_bighit s Life Goes On, about overcoming the",2020-12-01 07:13:18,0,India,1
259,1333670493145141248,"RT @crispypupusa: TW: disregard for life

Latinx workers were forced to work in meatpacking plants in the Mid-West despite high rates of Co",2020-12-01 07:13:18,0,She/Her,0
260,1333670493505785856,"Bhai, one of the Bumrah or Shami can be rested alternately in T20's as we have Shardul, Sundar &amp; Natrajan.
due to C https://t.co/YoCKXlSJXs",2020-12-01 07:13:18,0,India,1
261,1333670493560430593,"RT @ShrutiPatelMD: PEOPLE WHO ARE INCARCERATED ARE PEOPLE WHO DESERVE TO BE TREATED WITH DIGNITY AND RESPECT.

say it with me.

#HumanRight",2020-12-01 07:13:18,0,United States,0
262,1333670493979897858,"Kenya Airways Resumes New York Direct Flights After 9 Months

#SokoNews 
https://t.co/HuSVCgP2xA https://t.co/kywoCVxUeA",2020-12-01 07:13:18,0,"Nairobi, Kenya",0
263,1333670494470615040,RT @BayoAdedosu: Turkish police storms and arrest RCCG parish members in Istanbul for flouting covid-19 restrictions. Nigerians continue to,2020-12-01 07:13:18,0,,1
264,1333670494982316032,"RT @chewgnasher: Can someone remind Keith that the job is called leader of HM OPPOSITION!

Can someone also remind him how many abject DEFE",2020-12-01 07:13:19,1,LDN rt/mention/follow/link  e,1
265,1333670496198529024,America is this broken:,2020-12-01 07:13:19,0,Melbourne,1
266,1333670496815226880,"RT @Yuvraj_3112: @1stIndiaNews @GovindDotasra #Postpone_jen_exam
@ashokgehlot51
This @RsmssbJ JEn exam is offline and students will be in c",2020-12-01 07:13:19,0,,0
267,1333670496924274690,"RT @petertimmins3: Vietnam has a population of 95 million. They have the same population density as the UK.

They are 85 days #covid deaths",2020-12-01 07:13:19,0,"London, England",1
268,1333670497486311424,"The investigation analyzed also for the first time the influence of dementia in COVID mortality. 

Thank you to: https://t.co/6sAjvzwCWO",2020-12-01 07:13:19,0,"Madrid, Comunidad de Madrid",0
269,1333670499457654784,"RT @CNN: CNN exclusive: Vast trove of leaked documents shows China underreported Covid-19 numbers, took weeks to diagnose new cases and did",2020-12-01 07:13:20,0,,1
270,1333670499474313218,"RT @RadioChinar: Not all heroes wear capes!
Meet Dr Javed Iqbal, who despite various challenges, helped the people of #Kashmir in fighting",2020-12-01 07:13:20,0,,1
271,1333670499566514176,RT @WBG_Energy: Want to hear global perspectives on the impacts of #COVID19 on the #ArtisanalMining sector and implications for the sector,2020-12-01 07:13:20,0,Jakarta ,0
272,1333670499998547968,"RT @balloon_wanted: #Update: SM Entertainment share that both NCT and aespa have tested negative for COVID-19

https://t.co/e77S20ovqb",2020-12-01 07:13:20,0,,0
273,1333670499893850113,RT @PplsCityCouncil: @DiscussingFilm @KtownforAll make sure to blame @MayorOfLA #Garcettiville #BlockGarcetti https://t.co/2cUPgi8NOn,2020-12-01 07:13:20,1,Ohio,1
274,1333670501034713088,RT @justincousson: holy shit the city canceled peoples covid testing because they needed union station to shoot the gender-swapped tiktok-,2020-12-01 07:13:20,0,kentucky,0
275,1333670501361790976,RT @CutItOutPutin: @ajzeigler My mother-in-law never goes anywhere. We wear masks in her house on the rare occasions we go there. She had a,2020-12-01 07:13:20,0,"Chicago, IL",1
276,1333670501378494465,"RT @PattyHajdu: Today, Johnson and Johnson submitted their Janssen COVID-19 vaccine to Health Canada, the fourth vaccine to begin approvals",2020-12-01 07:13:20,0,"British Columbia, Canada",0
277,1333670501428981760,"RT @donwinslow: Dear @MayorOfLA 

This is INSANE and will be a feature of POLITICAL ADS that will be run against you when you run for re-el",2020-12-01 07:13:20,-1,texas,1
278,1333670502619963392,"RT @drdavidsamadi: 33,772,990 people around the world have gotten COVID-19 and recovered from it.

The media doesnt want you to know that,",2020-12-01 07:13:20,0,Only visiting this planet,0
279,1333670502519418881,IM SO GLAD,2020-12-01 07:13:20,1,"SHE/HER  It's been a minute, I'm in it       motto without the business Misfit never fit in      six feet",0
280,1333670502783565825,"RT @BabyWok8: Due to COVID19 Ill be blessing the first 500 people to like &amp; retweet this $500- $1000 through CashApp, Venmo , Apple Pay an",2020-12-01 07:13:20,0,"San Diego, CA",1
281,1333670502720626688,The scumbucket moscow mitch is at it again as usual  willing to throw suffering Americans into the street in order https://t.co/wvv7egKBj5,2020-12-01 07:13:20,0,,1
282,1333670502913638400,"RT @OH_mes2: All of aespa and NCT have tested negative for Coronavirus

https://t.co/vVAeXotLCA https://t.co/OAQErNasMf",2020-12-01 07:13:20,0,,1
283,1333670502884229120,... and there are still people who think Covid is a hoax. ,2020-12-01 07:13:20,0,"Fukuoka-ken, Japan",1
284,1333670503374938113,RT @Public_Citizen: REMINDER: Taxpayers paid for *100 PERCENT* of Moderna's COVID-19 vaccine development. https://t.co/St4eHOKHvo,2020-12-01 07:13:21,0,Stolen Land,1
285,1333670503282864129,"The Medicus Mundi International Network is happy to be part of the team, having signed the #ReclaimPublicHealth cal https://t.co/7jZR43oyP8",2020-12-01 07:13:21,0,global,1
286,1333670503903477760,"RT @OH_mes2: All of aespa and NCT have tested negative for Coronavirus

https://t.co/vVAeXotLCA https://t.co/OAQErNasMf",2020-12-01 07:13:21,0,,0
287,1333670504058609664,"RT @BJP4India: India turning into a preferred investment hub under the leadership of PM Shri @narendramodi.

FDI has doubled in Q2 year-on-",2020-12-01 07:13:21,0,"Ahmadabad City, India",0
288,1333670504088162306,RT @Arron_banks: Empty high streets and millions facing unemployment means exponentially higher levels of emotional pain for those who can,2020-12-01 07:13:21,0,"Wirral, Merseyside, UK",1
289,1333670504155275264,@danwootton @talkRADIO They dont care - the only thing that matters is COVID. Its barbaric the way people are suf https://t.co/UtqyC5BAs6,2020-12-01 07:13:21,0,,0
290,1333670504453074946,"RT @Public_Citizen: Percent of wages currently subsidized by governments due to COVID:

Japan: 100% for small businesses; 80% for large fir",2020-12-01 07:13:21,0,United States,0
291,1333670504784228354,"RT @OH_mes2: All of aespa and NCT have tested negative for Coronavirus

https://t.co/vVAeXotLCA https://t.co/OAQErNasMf",2020-12-01 07:13:21,0,,0
292,1333670505245777920,"RT @simondolan: BLM protest was made at the end of May 20.COVID one the end of Nov 20

Twice as many COVID deaths in May compared to Nov.",2020-12-01 07:13:21,1,,1
293,1333670505404981248,RT @NaheedD: To all the people telling me to F-off for calling out a restaurant that defied public health orders: Please remember that my c,2020-12-01 07:13:21,0,"Calgary, AB",0
294,1333670505509949441,RT @BW: Modernas coronavirus shot wants to transform your body into a vaccine-making machine https://t.co/nQoCJzR53l,2020-12-01 07:13:21,0,,1
295,1333670505639919616,RT @TodayWithJulius: And yet people still live in fear of covid. Wake up California! https://t.co/1nusLVynXa,2020-12-01 07:13:21,0,California ,1
296,1333670506252226561,"RT @jamesfordtv: Pleasure at the end of a hard days work covering #coronavirus to hear @bts_bighit s Life Goes On, about overcoming the",2020-12-01 07:13:21,0,India,0
297,1333670506621403139,"RT @Yuvraj_3112: @INCRajasthan #Postpone_jen_exam
@ashokgehlot51
This @RsmssbJ JEn exam is offline and students will be in contact with Tea",2020-12-01 07:13:21,0,,0
298,1333670507070164994,"RT @jamesfordtv: Pleasure at the end of a hard days work covering #coronavirus to hear @bts_bighit s Life Goes On, about overcoming the",2020-12-01 07:13:21,0,,1
299,1333670507087073281,"RT @AndyBird21: You think abstinence is opposition?

Voting against it is opposition. 
 https://t.co/81zfpncqx3",2020-12-01 07:13:21,0,London,0
300,1333670507158245376,"RT @DrAmirPakdel: The only premier in Canada whose approval ratings have been in free fall during this pandemic is @jkenney.

As a Frenchma",2020-12-01 07:13:21,0,"Edmonton, Alberta, Treaty Six",1
301,1333670508244705280,Loving it - ,2020-12-01 07:13:22,1,Pakistan,1
302,1333670508219469825,"RT @EpsilonTheory: The interesting part of this nonsense isnt the content, but that the CCP is making the effort to promote it.

Why am",2020-12-01 07:13:22,1,,1
303,1333670508525735936,RT @CutItOutPutin: @ajzeigler The Mask (tm) has become a talisman to ward off the evil Covid spirits. It's a means of falsely asserting con,2020-12-01 07:13:22,-1,"Chicago, IL",1
304,1333670508605403136,RT @georgiedent: The deaths of the three women whose names were added to the disastrous @DeadWomenAus @JointDestroyer  register on Monday a,2020-12-01 07:13:22,-1,London,0
305,1333670509410705408,"RT @OH_mes2: April Naeun has tested negative for Coronavirus  

https://t.co/xU5To6tPVH https://t.co/6uHk7gihCW",2020-12-01 07:13:22,0,NCT x StayC x StarLoona,1
306,1333670509448491008,"RT @EricMMatheny: Given the statistical anomalies of the election, were at greater risk for voter fraud than COVID.",2020-12-01 07:13:22,1,,1
307,1333670509444206592,"RT @bright8694: Let's flip the script to: GOOD GUYS FINISH FIRST!

Here's what a good guy will bring Georgia:
Covid relief
Affordable &amp; a",2020-12-01 07:13:22,1,,1
308,1333670509511385091,"RT @Alicia_Smith19: People who spread false stories like the person who posted this viral video did are not only lying, but they are also d",2020-12-01 07:13:22,0,,0
309,1333670509595291648,RT @DrDenaGrayson: Devastated. A family member was diagnosed with #COVID19 over the holiday weekend and passed away late last night. His la,2020-12-01 07:13:22,0,"Iowa, USA",1
310,1333670509821607938,"RT @KimberlyFOX26: The state daily COVID 19 case count is worse than it was during the summer surge. 
Governor Newsom says the big worry no",2020-12-01 07:13:22,0,Fresno,0
311,1333670509851123713,"RT @jtLOL: Yeah, they lied. They did this to us. #FuckChina https://t.co/vsC5IfUSY2",2020-12-01 07:13:22,0,"Evanston, IL",1
312,1333670510106869761,"RT @drdavidsamadi: 33,772,990 people around the world have gotten COVID-19 and recovered from it.

The media doesnt want you to know that,",2020-12-01 07:13:22,0,"Los Angeles, CA",1
313,1333670510186487808,RT @mdanielaaa_: why the fuck did my mom tell my nephew santa got covid so there will be no gifts this year ,2020-12-01 07:13:22,0,"Los Angeles, CA",1
314,1333670510220099584,"RT @btob_info: According to this article, BTOB 4U have tested negative for coronavirus

https://t.co/N28tTG18N1",2020-12-01 07:13:22,0,"Perth, Western Australia",0
315,1333670510727622662,"RT @OH_mes2: All of aespa and NCT have tested negative for Coronavirus

https://t.co/vVAeXotLCA https://t.co/OAQErNasMf",2020-12-01 07:13:22,0,,0
316,1333670510723440641,"RT @JennieKoo: @amyklobuchar Check this out Ms. Smarty!
1. COVID-19 is Retrovirus!!!
2. Doesn't transmit via Air, @CDCDirector CORRECTED th",2020-12-01 07:13:22,0,,0
317,1333670511239262208,RT @cheung_md: In case you were wondering what losing your smell/taste due to COVID was like... https://t.co/vITzWAkxSc,2020-12-01 07:13:22,0,,0
318,1333670511428059136,RT @RileyBehrens: I'm now hospitalized because someone I knew went to a wedding and exposed me (I didn't know about the wedding until it wa,2020-12-01 07:13:22,0,Seattle,1
319,1333670511470141444,"RT @thebradfordfile: Even CNN is now admitting China lied about Covid cases and deaths.

Trump was right--again.",2020-12-01 07:13:22,0,"New York, NY",1
320,1333670511570718720,"RT @TheLeadCNN: CNN exclusive: Vast trove of leaked documents shows China underreported Covid-19 numbers, took weeks to diagnose new cases",2020-12-01 07:13:23,0,Near Chicago,1
321,1333670511952314368,"RT @OH_mes2: All of aespa and NCT have tested negative for Coronavirus

https://t.co/vVAeXotLCA https://t.co/OAQErNasMf",2020-12-01 07:13:23,0,xiaochan's heart ; 04l,1
322,1333670512061542400,"I may not stream tomorrow, especially if I feel like I do right now. I ended stream early because I feel like Ive https://t.co/Kr3DDiXJQ8",2020-12-01 07:13:23,0,United Kingdom,1
323,1333670512896053249,"RT @drdavidsamadi: 33,772,990 people around the world have gotten COVID-19 and recovered from it.

The media doesnt want you to know that,",2020-12-01 07:13:23,0,,1
324,1333670513319710721,"RT @JENNIFE55690269: Covid painting 31
A late summer study. Even now, a few flawless roses hang on in our sodden, wintry gardens like party",2020-12-01 07:13:23,0,,1
325,1333670513311420417,@JeffreeStar @CashApp Hi Jeffree baby  hope you see this tweet I would be so grateful for your help Covid has been https://t.co/wToIg4rYoy,2020-12-01 07:13:23,0,,1
326,1333670513844031491,"RT @MONBEBEnt: An update on the COVID situation:
Monsta X's Minhyuk has tested NEGATIVE for Covid 19. The other members and staff had also",2020-12-01 07:13:23,0,,1
327,1333670514263408641,"RT @AbraarKaran: Public release of the SARS COV2 genome sequence. January 10th, 2020.",2020-12-01 07:13:23,0,CA,1
328,1333670514594725888,"RT @jamesfordtv: Pleasure at the end of a hard days work covering #coronavirus to hear @bts_bighit s Life Goes On, about overcoming the",2020-12-01 07:13:23,0,,1
329,1333670515156807681,"RT @Yuvraj_3112: @artizzzz #Postpone_jen_exam
#Postpone_jen_exam
This @RsmssbJ JEn exam is offline and students will be in contact with Tea",2020-12-01 07:13:23,0,,1
330,1333670515295219712,"RT @jamesfordtv: Pleasure at the end of a hard days work covering #coronavirus to hear @bts_bighit s Life Goes On, about overcoming the",2020-12-01 07:13:23,0,she/her,1
331,1333670515668639746,@AnthonyFairall @Jon_statistics It will be marked as Covid,2020-12-01 07:13:23,0,Crazy Crazy world ,1
332,1333670515907694592,All madariss  are opened in this critical situation of covid-19 in Lahore. So please take an action against them.,2020-12-01 07:13:24,0,,0
333,1333670516012445697,"RT @drdavidsamadi: 33,772,990 people around the world have gotten COVID-19 and recovered from it.

The media doesnt want you to know that,",2020-12-01 07:13:24,0,United States,0
334,1333670516767543296,"RT @_orsteen: Left school for 2weeks Covid break and all of a sudden, December https://t.co/VzcqwbjpxG",2020-12-01 07:13:24,0,,0
335,1333670516998201345,RT @uhh_merica: @donwinslow @MayorOfLA This is unbelievable. Shutting down ANYTHING that helps us to fight Covid19 for a money grab is desp,2020-12-01 07:13:24,0,,0
336,1333670516939493377,She is poison.,2020-12-01 07:13:24,0,Kingston upon Thames ,1
337,1333670517102977025,"RT @BJP4Bengal: LoL  
BJP had its feet well on ground of West Bengal supporting ppl throughout Covid &amp; Amphan crisis..

But what about the",2020-12-01 07:13:24,1,Akhand Bharat ,0
338,1333670517245702144,"RT @AlecSocial: RT @NetworkScience3: A Covid Impact assessment on the #European #cybersecurity Market

Key findings from the CSO Survey

#c",2020-12-01 07:13:24,0,gauteng,0
339,1333670517757251585,Late night thought: My dad is getting married in less than 2 weeks. I'm honestly petrified that I could end up gett https://t.co/QBz4jDomCe,2020-12-01 07:13:24,0,"She/her, & bi",1
340,1333670517891424258,"RT @SMTuffy: The silver lining to #coronavirus is that the US will fundamentally reassess its broken healthcare system.

Much the same way",2020-12-01 07:13:24,0,"Seattle, WA",1
341,1333670518046613509,"RT @OH_mes2: All of aespa and NCT have tested negative for Coronavirus

https://t.co/vVAeXotLCA https://t.co/OAQErNasMf",2020-12-01 07:13:24,0,,1
342,1333670518113923072,"RT @janetmachuka_: As you celebrate the new month, dont forget to get a selfie kit to check your HIV statusits World AIDS Day too. You c",2020-12-01 07:13:24,0,"109'05""S3648'37""E4.20Km ",1
343,1333670518172512257,"RT @PhotoJFish: 68-year-old Jose Garcia, whowas sedated and intubated for COVID-19 on Nov. 16, is treated by his daughter, Carolina Garcia",2020-12-01 07:13:24,0,Phoenix,1
344,1333670518726086656,"RT @NBCNews: US coronavirus cases by month in 2020:

March: 186,200
April: 883,199
May: 723,166
June: 845,736
July: 1,926,970
August: 1,479",2020-12-01 07:13:24,0,"Los Angeles, CA",1
345,1333670518902325249,"RT @VicGovDHHS: UPDATE FOR COLAC 
Coronavirus fragments have been detected in wastewater at Colac. If you are a resident or have visited Co",2020-12-01 07:13:24,0,"Melbourne, Australia",0
346,1333670519170887682,"RT @drdavidsamadi: 33,772,990 people around the world have gotten COVID-19 and recovered from it.

The media doesnt want you to know that,",2020-12-01 07:13:24,0,texas,1
347,1333670519347011585,"RT @kate_ptrv: I couldnt just walk past this Tweet, so here is some fun #dataviz

Scented candles: An unexpected victim of the COVID-19 pa",2020-12-01 07:13:24,0,,0
348,1333670519544053760,"RT @BJP4Bengal: LoL  
BJP had its feet well on ground of West Bengal supporting ppl throughout Covid &amp; Amphan crisis..

But what about the",2020-12-01 07:13:24,1,,1
349,1333670519820886016,"RT @OH_mes2: All of aespa and NCT have tested negative for Coronavirus

https://t.co/vVAeXotLCA https://t.co/OAQErNasMf",2020-12-01 07:13:24,0,she/her,1
350,1333670519753719808,Imagine you if you dont have them to assist the frontliners during the pandemic!,2020-12-01 07:13:24,0,,0
351,1333670520345202688,"RT @newschambers: Ireland moves to #Level3 today.

 All shops reopen.
 Hairdressers, beauty, barbers reopen.
 Gyms reopen for ind",2020-12-01 07:13:25,0,"Cork City, Ireland",1
352,1333670520592674817,I'm still clinging onto the hope that there won't be a Covid-themed rendition of 'Do They Know It's Christmas' this year,2020-12-01 07:13:25,0,,1
353,1333670520844324865,O/L examination further postponed; New date to be notified 6 weeks in advance https://t.co/9jHUwcT8Ke #SriLanka #COVID #Parliament,2020-12-01 07:13:25,0,Sri Lanka,1
354,1333670520970211329,"RT @thebradfordfile: Even CNN is now admitting China lied about Covid cases and deaths.

Trump was right--again.",2020-12-01 07:13:25,0,Non importa.,0
355,1333670521540513793,"RT @BJP4Bengal: LoL  
BJP had its feet well on ground of West Bengal supporting ppl throughout Covid &amp; Amphan crisis..

But what about the",2020-12-01 07:13:25,1,,0
356,1333670521871900673,i don't pray but thank god,2020-12-01 07:13:25,0,,1
357,1333670522081558528,"RT @thebradfordfile: Even CNN is now admitting China lied about Covid cases and deaths.

Trump was right--again.",2020-12-01 07:13:25,0,,1
358,1333670522006237184,One year already with Covid-19 https://t.co/QiYzM7B96K,2020-12-01 07:13:25,0,Kabul,0
359,1333670522148687872,"RT @JJDJ1187: CNN mocked for report tying COVID origins to China after 'parroting CCP talking points' for 10 months

https://t.co/OuTOL6g090",2020-12-01 07:13:25,0,,1
360,1333670522421297152,"RT @foundmyfitness: Enough is enough. Its time for vitamin D, which is low risk, to be strongly considered as a crucial factor in COVID-19",2020-12-01 07:13:25,0,,1
361,1333670522383687681,HIS REMIT IS SIMPLY TO MAKE YOU BELIEVE COVID..AS AN ILLNESS..IS BIGGER THAN THE ILLNESSES RECORDED AS SIDE EFFECT. https://t.co/uGbQMP4b7Q,2020-12-01 07:13:25,0,WORLD,1
362,1333670522907922434,RT @PeterStefanovi2: With high-speed broadband needed more than ever during the coronavirus pandemic as home working becomes the norm it wi,2020-12-01 07:13:25,1,"North West, England",1
363,1333670522937196553,"RT @Mukeshd72700357: #Postpone_jen_exam
#Postpone_jen_exam
This @RsmssbJ JEn exam is offline and students will be in contact with Teachers",2020-12-01 07:13:25,0,,0
364,1333670523218309123,P5 &amp; COVID ACCUSATION,2020-12-01 07:13:25,0,South Africa,0
365,1333670523692322817,RT @lizard_puss: Mutuals and non mutuals Im desperate. I have Covid. I cant work Im $880 short on rent. I dont want to be homeless for,2020-12-01 07:13:25,0,Czech Republic,1
366,1333670524015132672,"RT @drdavidsamadi: 33,772,990 people around the world have gotten COVID-19 and recovered from it.

The media doesnt want you to know that,",2020-12-01 07:13:25,0,"La Quinta, CA",0
367,1333670524250058755,RT @rpsyfdlg: No one thinks wala nang COVID. Quarantine fatigue is real. Hanggang di collectively inaaddress yung root of the issue ng mga,2020-12-01 07:13:26,0,they/them,0
368,1333670523662987272,Glad to see the elves are covid friendly this year. #elfontheshelf2020 https://t.co/l64gGp7jED,2020-12-01 07:13:25,0,Verwood,1
369,1333670523767762945,@CNN $1500 dollars is not enough to convince me to take a vaccine  that is of ? safety.  I am MORE convinced if so https://t.co/od7l99avbR,2020-12-01 07:13:25,0,,0
370,1333670524518469632,"RT @drdavidsamadi: 33,772,990 people around the world have gotten COVID-19 and recovered from it.

The media doesnt want you to know that,",2020-12-01 07:13:26,0,"Anchorage, AK",1
371,1333670524707246083,"RT @RileyBehrens: Yesterday, I went to the emergency room on the advice of my PCP after experiencing sudden weakness in the left side of my",2020-12-01 07:13:26,0,Seattle,1
372,1333670525265010691,"RT @choi_bts2: Reuters said BTS are donating their outfits from ""Dynamite MV. Those will be auctioned on 1/29 in Beverly Hills to raise fu",2020-12-01 07:13:26,0,,0
373,1333670525281980417,"bro, WHAT?",2020-12-01 07:13:26,0,,0
374,1333670525286060032,"RT @nctdaoying: Jaehyun has tested negative for COVID-19

https://t.co/op8vvJDwqx https://t.co/Oew9tTctC5",2020-12-01 07:13:26,0, * *,1
375,1333670525340508160,"RT @OH_mes2: All of aespa and NCT have tested negative for Coronavirus

https://t.co/vVAeXotLCA https://t.co/OAQErNasMf",2020-12-01 07:13:26,0,terpencil,1
376,1333670525390909441,"RT @FBDPolice: #CoronaVirusUpdates 9796 advised, 1696 booked for not wearing #mask on 29/11 by @FBDPolice. 328 policemen have turned #COVID",2020-12-01 07:13:26,0,,0
377,1333670525919502336,"RT @_orsteen: Left school for 2weeks Covid break and all of a sudden, December https://t.co/VzcqwbjpxG",2020-12-01 07:13:26,0,,0
378,1333670525932097536,"RT @captainuwu: Official statement from SM!

NCT, Aespa and the staffs are all tested negative for COVID-19.

Thank God...

https://t.co/eo",2020-12-01 07:13:26,0,,1
379,1333670525965455362,"RT @mrsdzt: 48. 48 women killed. 
https://t.co/tb1eTHsJuw",2020-12-01 07:13:26,0,,1
380,1333670526343004160,"RT @KatiePavlich: While the Trump White House and many conservative news outlets were calling this the Wuhan virus or the China virus, main",2020-12-01 07:13:26,0,,1
381,1333670526481362944,RT @randyhillier: #1 most astonishing fact during Covid? Many people have placed faith in politicians &amp; confidence in bureaucracy. I reserv,2020-12-01 07:13:26,1,,1
382,1333670526607212544,Good,2020-12-01 07:13:26,1,,1
383,1333670527513350147,"Half Mask Warning: Novel Coronavirus May Enter Brain Via Nose, Says Study - https://t.co/3djgah24aE is available he https://t.co/EWMt9SkB2C",2020-12-01 07:13:26,0,World,0
384,1333670527748231169,"RT @drdavidsamadi: 33,772,990 people around the world have gotten COVID-19 and recovered from it.

The media doesnt want you to know that,",2020-12-01 07:13:26,0,"Fayetteville, GA",0
385,1333670528058580993,@berniebiatch @ConnorSouthard @Papapishu Lets all go to that bar as soon as Covid is over,2020-12-01 07:13:26,0,,0
386,1333670528440156163,"RT @ravindramitta18: #SSC_waiting_list
Join all medical fit candidates @nityanandraibjp  ji please over age ho rh h covid ki bajah se https",2020-12-01 07:13:27,0,,0
387,1333670528855330819,"RT @NBCNews: US coronavirus cases by month in 2020:

March: 186,200
April: 883,199
May: 723,166
June: 845,736
July: 1,926,970
August: 1,479",2020-12-01 07:13:27,0,PH ,0
388,1333670529023188993,"RT @OH_mes2: All of aespa and NCT have tested negative for Coronavirus

https://t.co/vVAeXotLCA https://t.co/OAQErNasMf",2020-12-01 07:13:27,0,,1
389,1333670529044074496,"RT @aespapicss_: SM Entertainment stated that both NCT and aespa have tested negative for covid!

https://t.co/qmKykUquWk",2020-12-01 07:13:27,0,,1
390,1333670529488670720,"RT @VanessaBeeley: The 'virus' is not causing economic collapse, child abuse, drug addiction, domestic violence, unemployment, suicide, dep",2020-12-01 07:13:27,0,,0
391,1333670530055016450,"RT @DrZoeHyde: Over the last couple of weeks in England, #COVID19 cases have declined in all age groups, except in children (aged 5 to 12)",2020-12-01 07:13:27,0,,1
392,1333670530344423424,chain of events happening first my parents yelling at eachother and my dad probobly abusing her( with words like ca https://t.co/pdMJk5DWTu,2020-12-01 07:13:27,0,,0
393,1333670530587582464,RT @CurlyJungleJake: Dear internet: the vaccines are about to come out. They need both shots to work. You will probably get injection site,2020-12-01 07:13:27,0,"Portland, OR",1
394,1333670530554146817,RT @DonaldJTrumpJr: CNN FINALLY REALIZES CHINA LIED 10 MONTHS LATER.,2020-12-01 07:13:27,0,United States,0
395,1333670530755518464,"RT @ChrisWickNews: 33,772,990 people around the world have gotten COVID-19 and recovered from it.

The media doesnt want you to know that,",2020-12-01 07:13:27,0,,1
396,1333670530927489026,"RT @oscarjsantos57: Covid is the excuse for Govts. to destroy their own economies.
Later, they declare the ""crisis"" over and say ""Let's Bui",2020-12-01 07:13:27,0,"Horsham,West Sussex.",1
397,1333670531262861312,"RT @ferdiriva: Moderna 

Vaccine efficacy against COVID-19 was 94.1%; vaccine efficacy against severe COVID-19 was 100%. Efficacy w",2020-12-01 07:13:27,0,,1
398,1333670531602673665,"RT @drdavidsamadi: 33,772,990 people around the world have gotten COVID-19 and recovered from it.

The media doesnt want you to know that,",2020-12-01 07:13:27,0,,1
399,1333670531711852544,"@Garethjosprey I would say yes 

As would someone who went into hospital for a hip operation, has no symptoms, and https://t.co/FUW2BmIRO4",2020-12-01 07:13:27,0,"Cardiff, Wales",1
400,1333670532009619456,"RT @CNN: CNN exclusive: Vast trove of leaked documents shows China underreported Covid-19 numbers, took weeks to diagnose new cases and did",2020-12-01 07:13:27,0,Toronto,1
401,1333670532047282177,"RT @balloon_wanted: #Update: SM Entertainment share that both NCT and aespa have tested negative for COVID-19

https://t.co/e77S20ovqb",2020-12-01 07:13:27,0,jisung heart's  she!her U14,1
402,1333670532584075265,RT @skzprotection: Please refrain from making jokes about COVID-19 as it is insensitive to those who have lost their lives due to this pand,2020-12-01 07:13:28,0,+62   03',0
403,1333670532743536642,"RT @americanamemes: Everyone: Los Angeles please stop making stupid decisions!! 

Los Angeles:

https://t.co/2QQ8iRfMN2",2020-12-01 07:13:28,-1,Los Angeles,0
404,1333670532835807232,"RT @nuicemedia: Jakarta isnt the only province whose governor was announced having contracted covid-19 today. Riaus Governor, Syamsuar pi",2020-12-01 07:13:28,0,"Cloud Recesses, Gusu ",0
405,1333670533108523009,@mtgreenee @AOC @IlhanMN #biohazardtrump and the #trumpvirus killed more than antifa/BLM. neo-nazis killed more tha https://t.co/f1Y5634uNi,2020-12-01 07:13:28,0,,0
406,1333670533351653378,Covid fucked everything up https://t.co/jMT6gcy1nd,2020-12-01 07:13:28,-1,Under Your Bed,1
407,1333670534198882304,"RT @balloon_wanted: #Update: Woollim Entertainment shares DRIPPIN has tested negative for COVID-19

https://t.co/0tQXdkYc0z",2020-12-01 07:13:28,0,,1
408,1333670534245183490,"RT @alexlobaloba: 2020 in Nigeria just go like:

January 
February 
March
Covid-19 
Lockdown
Quarantine 
EndSars 
November 
December",2020-12-01 07:13:28,0,,1
409,1333670534496849920,"RT @DrZoeHyde: Over the last couple of weeks in England, #COVID19 cases have declined in all age groups, except in children (aged 5 to 12)",2020-12-01 07:13:28,0,,1
410,1333670534631071744,"RT @NicoleArbour: They shut down a Covid testing facility so a cast and crew of 170 people can shoot a movie in lockdown LA 

 htt",2020-12-01 07:13:28,0,greenspoint TX,1
411,1333670534677147648,RT @NYTScience: The U.S. has proposed that corrections officers and other prison staff receive priority for a coronavirus vaccine -- but no,2020-12-01 07:13:28,0,"New York, NY",1
412,1333670534601695232,RT @grauniadmeme: Opinion | Help me fight capitalism by buying my new anti-Tory COVID mask for only 49.99 | Owen Jones https://t.co/le2TCE,2020-12-01 07:13:28,0,"West Midlands, England",1
413,1333670534626889730,@RishiSunak @michaelgove @Jacob_Rees_Mogg @Alliance4Unity @Douglas4Moray @LabourRichard @willie_rennie our minister https://t.co/kxx444SC0v,2020-12-01 07:13:28,0,Scotland,0
414,1333670534886813696,"RT @OH_mes2: All of aespa and NCT have tested negative for Coronavirus

https://t.co/vVAeXotLCA https://t.co/OAQErNasMf",2020-12-01 07:13:28,0,trsr || svt || nct,0
415,1333670535163650048,Some people don't listen and learn a damn thing,2020-12-01 07:13:28,0,,0
416,1333670535935430657,"RT @drdavidsamadi: 33,772,990 people around the world have gotten COVID-19 and recovered from it.

The media doesnt want you to know that,",2020-12-01 07:13:28,0,Titletown USA,1
417,1333670536023580672,"RT @alley167: Our MSM is now visiting churches just to get them shut down.
WTH is the matter with these people. 
Not only Propaganda now Po",2020-12-01 07:13:28,0,,0
418,1333670536568741888,"RT @jaehyunbom__: SM confirmed that all members of NCT and aespa were tested negative for COVID-19

https://t.co/0hi2QYXnKf https://t.co/Sn",2020-12-01 07:13:28,0,TWILIGHT MOON's,1
419,1333670536652709891,"RT @RichardGrenell: These phony politicians should be rejected by the voters. 

Throw them all out of office! They are getting paychecks wh",2020-12-01 07:13:28,0,,1
420,1333670536732434433,RT @JoeBrummer: This series is about to kick off. There is still time to join us.  Our first overview session starts this Wednesday. Then w,2020-12-01 07:13:29,0,London,0
421,1333670536845660160,"RT @drdavidsamadi: 33,772,990 people around the world have gotten COVID-19 and recovered from it.

The media doesnt want you to know that,",2020-12-01 07:13:29,0,"Brno, Czechia",0
422,1333670537210568705,"RT @Public_Citizen: Percent of wages currently subsidized by governments due to COVID:

Japan: 100% for small businesses; 80% for large fir",2020-12-01 07:13:29,0,"North Carolina, USA",1
423,1333670537264914433,"RT @theseoulstory: [UPDATE] DRIPPIN and their staff members have tested negative for COVID-19

Source: https://t.co/WaR4b9MDLh https://t.co",2020-12-01 07:13:29,-1,Woolliment,1
424,1333670538191859712,"RT @drdavidsamadi: 33,772,990 people around the world have gotten COVID-19 and recovered from it.

The media doesnt want you to know that,",2020-12-01 07:13:29,0,,0
425,1333670538212872193,"RT @BJP4Bengal: LoL  
BJP had its feet well on ground of West Bengal supporting ppl throughout Covid &amp; Amphan crisis..

But what about the",2020-12-01 07:13:29,1,"Belgharia, Kolkata",1
426,1333670538481430528,"RT @DavidPepper: Did nothing all year but confirm judges and tweet about parks. 

Crisis explodes, including here....he goes on recess. 

N",2020-12-01 07:13:29,0,A Town Called Malice,1
427,1333670538867339265,"RT @MahyarTousi: No one:

Absolutely no one:

Neil Ferguson: Im the real victim of Covid lockdown",2020-12-01 07:13:29,0,UK,1
428,1333670539009863680,RT @mdanielaaa_: why the fuck did my mom tell my nephew santa got covid so there will be no gifts this year ,2020-12-01 07:13:29,0,toronto,0
429,1333670539714392065,"RT @nytimes: In mid-October, experts offered a dose of cautious optimism, saying the epidemic in the U.S. might end sooner than expected. h",2020-12-01 07:13:29,0,,0
430,1333670539878133762,"Check out #Krbers suite of applications.
Watch our on-demand #VideoPodcast on Warehousing in #COVID Times. https://t.co/m1Dn9pkPc9",2020-12-01 07:13:29,0,"Pune, India",1
431,1333670540037533697,"heres the email if anybody was wondering lol peep the ""discount not available on covid-19 active infection tests""  https://t.co/vIyC1YbBQU",2020-12-01 07:13:29,0,"Pittsburgh, PA",0
432,1333670540947697665,"RT @EricMMatheny: Given the statistical anomalies of the election, were at greater risk for voter fraud than COVID.",2020-12-01 07:13:30,1,"Florida, USA",1
433,1333670541035778048,Help @cullenator210 retweet to save and complete later,2020-12-01 07:13:30,0,Liskeard  @AnnNoFrills ,0
434,1333670541337776135,"@kylenabecker Are controversial covid restrictions + election integrity concerns sufficient for impeachment?

I fee https://t.co/tuKPaQgg70",2020-12-01 07:13:30,1,,1
435,1333670541476073477,RT @thehill: JUST IN: Leaked documents show China mishandled early COVID-19 pandemic: report https://t.co/ySEYBzmCcJ https://t.co/aZjgcJ2jur,2020-12-01 07:13:30,0,,0
436,1333670542096928768,"RT @thebradfordfile: Even CNN is now admitting China lied about Covid cases and deaths.

Trump was right--again.",2020-12-01 07:13:30,0,Ireland,1
437,1333670542235242497,Its propaganda for Biden to use on getting tough with China while he capitulates in the background.  China will https://t.co/ntQkh3WRVB,2020-12-01 07:13:30,0,Banana Republic of Scatifornia,0
438,1333670543128633357,RT @yashar: Im all for keeping people employed (the  Crew of 170 to be clear) but what the fuck https://t.co/A1lxxZpFpW,2020-12-01 07:13:30,0,,1
439,1333670543401357312,"RT @Craig_A_Spencer: As COVID19 surges across the US, its hard to describe the situation inside hospitals for healthcare providers &amp; patie",2020-12-01 07:13:30,0,"Virginia, USA",1
440,1333670543866916865,RT @SkyNews: Chancellor of the Duchy of Lancaster Michael Gove joins @KayBurley to discuss the latest from the government on #COVID19 and #,2020-12-01 07:13:30,1,,1
441,1333670544336510976,"RT @VicGovDHHS: UPDATE FOR COLAC 
Coronavirus fragments have been detected in wastewater at Colac. If you are a resident or have visited Co",2020-12-01 07:13:30,0,The eye of the Universe,0
442,1333670544567373826,"#Joe Biden, UN #Chief #Antonio #Guterres Talk about #Strengthened #Partnership On COVID-19, Local weather https://t.co/U77SWnb6Cx",2020-12-01 07:13:30,0,,1
443,1333670544974090240,"RT @OH_mes2: All of aespa and NCT have tested negative for Coronavirus

https://t.co/vVAeXotLCA https://t.co/OAQErNasMf",2020-12-01 07:13:30,0,01/16 09/07,0
444,1333670545087459329,"RT @drdavidsamadi: 33,772,990 people around the world have gotten COVID-19 and recovered from it.

The media doesnt want you to know that,",2020-12-01 07:13:31,0,"Texas, USA",0
445,1333670545036959744,thanks G ,2020-12-01 07:13:30,0,,1
446,1333670545234161664,"RT @pnjaban: Thank you, Captain Obvious. Everyone knew this. Except your network, which kept claiming America had the worst numbers in the",2020-12-01 07:13:31,-1,Red in California,1
447,1333670545653522434,"RT @jamesfordtv: Pleasure at the end of a hard days work covering #coronavirus to hear @bts_bighit s Life Goes On, about overcoming the",2020-12-01 07:13:31,0,,0
448,1333670546521939968,"RT @Craig_A_Spencer: As COVID19 surges across the US, its hard to describe the situation inside hospitals for healthcare providers &amp; patie",2020-12-01 07:13:31,0,United States,0
449,1333670546660229121,"RT @CNN: These radio hosts have been debunking coronavirus misinformation for indigenous Mexican farmworkers in the US, thanks to their abi",2020-12-01 07:13:31,0,"Eugene, OR",0
450,1333670546756648961,The true minimum wage is zero. Democrats seek to ruin the economy. You just sit down you ignorant fart.,2020-12-01 07:13:31,0,,0
451,1333670546941353985,"RT @grodaeu: Secrecy is one thing but this? 
""average time between the onset of symptoms to confirmed diagnosis was 23 days""
It was *new*!",2020-12-01 07:13:31,0,"Berlin, Germany",0
452,1333670547096387584,"RT @allkpop: NCT &amp; aespa test negative for COVID19
https://t.co/9p7Jxu2dUY",2020-12-01 07:13:31,0,"Sarawak, Malaysia",1
453,1333670547293519872,"RT @captainuwu: Official statement from SM!

NCT, Aespa and the staffs are all tested negative for COVID-19.

Thank God...

https://t.co/eo",2020-12-01 07:13:31,0,,1
454,1333670547323047936,"RT @raleighnc55: @burgessev @GarrettHaake Wait, didnt @senatemajldr table a major covid relief package months ago? Didnt he publicly stat",2020-12-01 07:13:31,0,"Houston, TX",0
455,1333670547608150016,"RT @ThePlumLineGS: The stakes in the Georgia runoffs couldn't be higher.

GOP Senate means:

* More economic misery

* More illness and dea",2020-12-01 07:13:31,0,"Portland, OR",1
456,1333670547704729601,RT @maciejka34: Ebola Outbreak in the Democratic Republic of the CongoEnds https://t.co/n7KHc3XOPa,2020-12-01 07:13:31,0,congo,0
457,1333670547801182208,"RT @drdavidsamadi: 33,772,990 people around the world have gotten COVID-19 and recovered from it.

The media doesnt want you to know that,",2020-12-01 07:13:31,0,"Florida, USA",0
458,1333670548015095810,RT @DonaldJTrumpJr: CNN FINALLY REALIZES CHINA LIED 10 MONTHS LATER.,2020-12-01 07:13:31,0,,1
459,1333670548564545539,RT @IsaacDovere: A notable thing here is how much more detail is being offered proactively about the president-elects minor condition than,2020-12-01 07:13:31,0,,1
460,1333670548656762882,"@GOPChairwoman It's been MONTHS. How much time have you even spent thinking about the American people?

Speaking of https://t.co/xDisOi2Rtx",2020-12-01 07:13:31,0,,1
461,1333670548828729346,RT @Shafqat_Mahmood: We had to close educational institutions because coronavirus infections were rising very fast. It was done with a heav,2020-12-01 07:13:31,0,Faisalabad Pakistan,1
462,1333670549462130691,I feel so bad for the people who took this covid thing seriously and now have to suffer with the rest of the dumb i https://t.co/PWNfNbDlcq,2020-12-01 07:13:32,0,,0
463,1333670549646495746,RT @Change_Record: On day SEVEN of #16Days we call on government to invest in PREVENTION (not just criminal sentences!). Despite the spike,2020-12-01 07:13:32,-1,Naarm,1
464,1333670549663473665,@MrsA_BSc @FormerWO1RMK1 @scotgov Exactly. I'm with a private care at home company and been out there in the thick https://t.co/DyF00TnMZT,2020-12-01 07:13:32,0,Scotland,0
465,1333670549118099456,"I saw a post on Facebook of an acquaintance's leaving-Japan farewell party of 15 people indoors. 

The posts ended https://t.co/CIBPf2piTW",2020-12-01 07:13:31,0,Tokyo,0
466,1333670549281619968,"India turning into a preferred investment hub under the leadership of PM Shri @narendramodi ji.

FDI has doubled in https://t.co/KlfSzOv5Gd",2020-12-01 07:13:32,0,"SHIVAMOGGA,KARNATAKA, INDIA ",0
467,1333670550208540672,"@billobrien1968 @KatenKyokotsu @MichaelRoach @tedcruz What kind of brain dead moron thinks health insurance, Medica https://t.co/7PVaJzKQc1",2020-12-01 07:13:32,0,United States,1
468,1333670550460387328,"Smell training could help overcome odor distortions after COVID-19, showsstudy https://t.co/EhlpavNW6G",2020-12-01 07:13:32,0,,1
469,1333670550816829440,When does Madison Avenue start selling proper COVID-19 response?,2020-12-01 07:13:32,0,"MINNEAPOLIS, MN",1
470,1333670550833483776,"RT @nctmarkarchive: [TRANS]
201201 - SM Entertainment said that all of NCT, spa, and staff tested negative for COVID-19.

 https://t.co/N",2020-12-01 07:13:32,-1,"she/her, P23. 
ANIKPOP",1
471,1333670551122898945,"RT @SM_NCT: [INFO] 201201 On December 1st, SM Entertainment officially announced to Newsen that all #NCT members and staff have tested nega",2020-12-01 07:13:32,-1,,0
472,1333670551152422913,"

Fuck conservatives and fuck republicans.",2020-12-01 07:13:32,0,Toronto ,0
473,1333670551185813504,RT @DarwinAwardsPH: Where the COVID19 funds went.,2020-12-01 07:13:32,0,"National Capital Region, Repub",1
474,1333670551340994562,ok hope u all catch covid ,2020-12-01 07:13:32,1,"            ,    Oh my god    CRUSH, boy",1
475,1333670551064178693,"What's Your Pick ?
book your ride now
https://t.co/ibeRh6dUgh
Download our Mobile App
https://t.co/TjInlpUTLD https://t.co/fEquFchndB",2020-12-01 07:13:32,0,India,1
476,1333670551903080450,RT @AnthonySabatini: 8+ months into COVID and the average American still has no clue about the basic facts concerning COVID: its low morta,2020-12-01 07:13:32,0,United States,0
477,1333670551877914624,"RT @AbraarKaran: Public release of the SARS COV2 genome sequence. January 10th, 2020. https://t.co/dm71IJ17NV",2020-12-01 07:13:32,0,"Ventura County, California",1
478,1333670551894765568,Coming up: The PM is facing a revolt today when MPs vote on Covid restriction plans for England (0810); has AI crac https://t.co/V0oHih3v1c,2020-12-01 07:13:32,0,"London, UK",1
479,1333670552347824129,"RT @drdavidsamadi: 33,772,990 people around the world have gotten COVID-19 and recovered from it.

The media doesnt want you to know that,",2020-12-01 07:13:32,0,,1
480,1333670552662405120,"RT @SuccessfulMorg_: Happy thanksgiving! Sharing the blessings

Due to COVID19 Ill be blessing the first 300 people to like &amp; retweet t",2020-12-01 07:13:32,0,Malawi,1
481,1333670552813256706,RT @yayforzig: Lmao love this dipshit city.,2020-12-01 07:13:32,1,,0
482,1333670553295568898,"RT @drdavidsamadi: 33,772,990 people around the world have gotten COVID-19 and recovered from it.

The media doesnt want you to know that,",2020-12-01 07:13:32,0,Tokyo,0
483,1333670553337679873,"RT @SM_NCT: [INFO] 201201 On December 1st, SM Entertainment officially announced to Newsen that all #NCT members and staff have tested nega",2020-12-01 07:13:32,-1,,1
484,1333670553727602688,We're woke now,2020-12-01 07:13:33,0,Seattle,0
485,1333670554243514389,"RT @RichardGrenell: These phony politicians should be rejected by the voters. 

Throw them all out of office! They are getting paychecks wh",2020-12-01 07:13:33,0,,0
486,1333670554440790017,"RT @drdavidsamadi: 33,772,990 people around the world have gotten COVID-19 and recovered from it.

The media doesnt want you to know that,",2020-12-01 07:13:33,0,,1
487,1333670554528833536,"RT @morethanmySLE: The ""no vetting"" has REAL life consequences. Hannity PUSHED hydroxychloroquine as a magic bullet for #coronavirus this S",2020-12-01 07:13:33,0,,0
488,1333670555367694336,"RT @MiamiSup: You may espouse different perspectives, but there's a lot of truth in this teacher's opinion piece. From a childrens hospita",2020-12-01 07:13:33,0,Miami Florida,1
489,1333670555669524480,"@Match 

As a matter of life &amp; death, you must have a Covid Vaccinated Question on existing and new profiles 

The https://t.co/t4wZbWdWmk",2020-12-01 07:13:33,0,"San Jose, CA",0
490,1333670556290281473,"RT @allkpop: NCT &amp; aespa test negative for COVID19
https://t.co/9p7Jxu2dUY",2020-12-01 07:13:33,0,,1
491,1333670556999184384,RT @kron4news: #BREAKING: Gov. Newsom warns a stay-at-home order may be reinstated for much of the state as virus cases continue to surge h,2020-12-01 07:13:33,0,"California, USA",0
492,1333670557133377536,"RT @Public_Citizen: Percent of wages currently subsidized by governments due to COVID:

Japan: 100% for small businesses; 80% for large fir",2020-12-01 07:13:33,0,"Lake Oswego, OR",0
493,1333670557154414592,RT @BBCNews: Covid: Dr Scott Atlas - Trump's controversial coronavirus adviser - resigns https://t.co/CW6yy8Eg3w,2020-12-01 07:13:33,1,,0
494,1333670557334835200,RT @RCScience: Biotechnologists have come up with a mildly insane idea to disable the coronavirus. via @arstechnica https://t.co/trZ5mgYzvF,2020-12-01 07:13:33,-1,London,0
495,1333670557707976705,"RT @OH_mes2: All of aespa and NCT have tested negative for Coronavirus

https://t.co/vVAeXotLCA https://t.co/OAQErNasMf",2020-12-01 07:13:34,0, free to unfollow(.) ,1
496,1333670557955493889,RT @CricCrazyJohns: Sachin Tendulkar will be providing treatment to 100 underprivileged children across 6 states in India with COVID-19. Ni,2020-12-01 07:13:34,0,"Ahmedabad, Gujarat, India",1
497,1333670558085632000,"RT @Public_Citizen: Percent of wages currently subsidized by governments due to COVID:

Japan: 100% for small businesses; 80% for large fir",2020-12-01 07:13:34,0,"Boston, MA",1
498,1333670558177910784,Covid really changed my life forever . Its still mind blowing fr !,2020-12-01 07:13:34,0,,1
499,1333670558240653313,"RT @drdavidsamadi: 33,772,990 people around the world have gotten COVID-19 and recovered from it.

The media doesnt want you to know that,",2020-12-01 07:13:34,0,"Verde Valley, Arizona",1
